session_id,timestamp,time_since_start,time_since_last_event,event_type,client_x,client_y,relative_x,relative_y,page_x,page_y,screen_x,screen_y,button,buttons,ctrl_key,shift_key,alt_key,meta_key,velocity,acceleration,direction,user_agent,screen_width,screen_height,viewport_width,viewport_height,user_type,challenge_type,captcha_id
bot_session_1764088985477_0808b2f4,1764088987503,2026.2548923492432,2026.2548923492432,mousedown,391.5,274.0,0,0,391.5,274.0,391.5,274.0,0,0,False,False,False,False,235.833104116691,0.0,0.0,Bot/CVAttacker,1920,1080,1920,1080,bot,captcha3_success,captcha3
bot_session_1764088985477_0808b2f4,1764088987536,2059.192895889282,32.93800354003906,mouseup,391.5,274.0,0,0,391.5,274.0,391.5,274.0,0,0,False,False,False,False,0.0,0.0,0.0,Bot/CVAttacker,1920,1080,1920,1080,bot,captcha3_success,captcha3
bot_session_1764089112239_bdf75a21,1764089114254,2014.420986175537,2014.420986175537,mousedown,1078.5,274.0,0,0,1078.5,274.0,1078.5,274.0,0,0,False,False,False,False,552.3977112663007,0.0,0.0,Bot/CVAttacker,1920,1080,1920,1080,bot,captcha3_success,captcha3
bot_session_1764089112239_bdf75a21,1764089114269,2030.3380489349365,15.917062759399414,mouseup,1078.5,274.0,0,0,1078.5,274.0,1078.5,274.0,0,0,False,False,False,False,0.0,0.0,0.0,Bot/CVAttacker,1920,1080,1920,1080,bot,captcha3_success,captcha3
bot_session_1764089656452_9f7b80b7,1764089658481,2028.4450054168701,2028.4450054168701,mousedown,391.5,274.0,0,0,391.5,274.0,391.5,274.0,0,0,False,False,False,False,235.57847499846216,0.0,0.0,Bot/CVAttacker,1920,1080,1920,1080,bot,captcha3_success,captcha3
bot_session_1764089656452_9f7b80b7,1764089658508,2055.567979812622,27.122974395751953,mouseup,391.5,274.0,0,0,391.5,274.0,391.5,274.0,0,0,False,False,False,False,0.0,0.0,0.0,Bot/CVAttacker,1920,1080,1920,1080,bot,captcha3_success,captcha3
bot_session_1764089764755_18e4699a,1764089766783,2027.8711318969727,2027.8711318969727,mousedown,734.5,274.0,0,0,734.5,274.0,734.5,274.0,0,0,False,False,False,False,386.5841113171012,0.0,0.0,Bot/CVAttacker,1920,1080,1920,1080,bot,captcha3_success,captcha3
bot_session_1764089764755_18e4699a,1764089766810,2055.522918701172,27.65178680419922,mouseup,734.5,274.0,0,0,734.5,274.0,734.5,274.0,0,0,False,False,False,False,0.0,0.0,0.0,Bot/CVAttacker,1920,1080,1920,1080,bot,captcha3_success,captcha3
bot_session_1764089826881_6cd684c3,1764089828911,2030.277967453003,2030.277967453003,mousedown,391.5,274.0,0,0,391.5,274.0,391.5,274.0,0,0,False,False,False,False,235.36579160824445,0.0,0.0,Bot/CVAttacker,1920,1080,1920,1080,bot,captcha3_success,captcha3
bot_session_1764089826881_6cd684c3,1764089828940,2059.4377517700195,29.1597843170166,mouseup,391.5,274.0,0,0,391.5,274.0,391.5,274.0,0,0,False,False,False,False,0.0,0.0,0.0,Bot/CVAttacker,1920,1080,1920,1080,bot,captcha3_success,captcha3
bot_session_1764089884352_2765e9d0,1764089886381,2028.9521217346191,2028.9521217346191,mousedown,734.5,274.0,0,0,734.5,274.0,734.5,274.0,0,0,False,False,False,False,386.37814613376696,0.0,0.0,Bot/CVAttacker,1920,1080,1920,1080,bot,captcha3_success,captcha3
bot_session_1764089884352_2765e9d0,1764089886410,2057.114839553833,28.162717819213867,mouseup,734.5,274.0,0,0,734.5,274.0,734.5,274.0,0,0,False,False,False,False,0.0,0.0,0.0,Bot/CVAttacker,1920,1080,1920,1080,bot,captcha3_success,captcha3
bot_session_1764092564398_f5d01678,1764092566426,2028.8567543029785,2028.8567543029785,mousedown,1078.5,274.0,0,0,1078.5,274.0,1078.5,274.0,0,0,False,False,False,False,548.467278397121,0.0,0.0,Bot/CVAttacker,1920,1080,1920,1080,bot,captcha3_success,captcha3
bot_session_1764092564398_f5d01678,1764092566456,2058.290719985962,29.4339656829834,mouseup,1078.5,274.0,0,0,1078.5,274.0,1078.5,274.0,0,0,False,False,False,False,0.0,0.0,0.0,Bot/CVAttacker,1920,1080,1920,1080,bot,captcha3_success,captcha3
bot_session_1764092723752_3e21b7ee,1764092725766,2014.1208171844482,2014.1208171844482,mousedown,1078.5,274.0,0,0,1078.5,274.0,1078.5,274.0,0,0,False,False,False,False,552.4800363494119,0.0,0.0,Bot/CVAttacker,1920,1080,1920,1080,bot,captcha3_success,captcha3
bot_session_1764092723752_3e21b7ee,1764092725784,2032.1080684661865,17.98725128173828,mouseup,1078.5,274.0,0,0,1078.5,274.0,1078.5,274.0,0,0,False,False,False,False,0.0,0.0,0.0,Bot/CVAttacker,1920,1080,1920,1080,bot,captcha3_success,captcha3
bot_session_1764092749806_822c6af3,1764092751831,2025.1970291137695,2025.1970291137695,mousedown,391.5,274.0,0,0,391.5,274.0,391.5,274.0,0,0,False,False,False,False,235.95629172113948,0.0,0.0,Bot/CVAttacker,1920,1080,1920,1080,bot,captcha3_success,captcha3
bot_session_1764092749806_822c6af3,1764092751853,2047.2750663757324,22.07803726196289,mouseup,391.5,274.0,0,0,391.5,274.0,391.5,274.0,0,0,False,False,False,False,0.0,0.0,0.0,Bot/CVAttacker,1920,1080,1920,1080,bot,captcha3_success,captcha3
bot_session_1764092777069_c5638560,1764092779082,2013.1518840789795,2013.1518840789795,mousedown,734.5,274.0,0,0,734.5,274.0,734.5,274.0,0,0,False,False,False,False,389.4106379105372,0.0,0.0,Bot/CVAttacker,1920,1080,1920,1080,bot,captcha3_success,captcha3
bot_session_1764092777069_c5638560,1764092779096,2027.2810459136963,14.129161834716797,mouseup,734.5,274.0,0,0,734.5,274.0,734.5,274.0,0,0,False,False,False,False,0.0,0.0,0.0,Bot/CVAttacker,1920,1080,1920,1080,bot,captcha3_success,captcha3
bot_session_1764092804388_a59e2de9,1764092806402,2014.1241550445557,2014.1241550445557,mousedown,1078.5,274.0,0,0,1078.5,274.0,1078.5,274.0,0,0,False,False,False,False,552.4791207648045,0.0,0.0,Bot/CVAttacker,1920,1080,1920,1080,bot,captcha3_success,captcha3
bot_session_1764092804388_a59e2de9,1764092806416,2028.1081199645996,13.983964920043945,mouseup,1078.5,274.0,0,0,1078.5,274.0,1078.5,274.0,0,0,False,False,False,False,0.0,0.0,0.0,Bot/CVAttacker,1920,1080,1920,1080,bot,captcha3_success,captcha3
bot_session_1764092831691_9076fd19,1764092833713,2022.3109722137451,2022.3109722137451,mousedown,391.5,274.0,0,0,391.5,274.0,391.5,274.0,0,0,False,False,False,False,236.2930269182395,0.0,0.0,Bot/CVAttacker,1920,1080,1920,1080,bot,captcha3_success,captcha3
bot_session_1764092831691_9076fd19,1764092833734,2043.550968170166,21.2399959564209,mouseup,391.5,274.0,0,0,391.5,274.0,391.5,274.0,0,0,False,False,False,False,0.0,0.0,0.0,Bot/CVAttacker,1920,1080,1920,1080,bot,captcha3_success,captcha3
bot_session_1764092859025_13bb85cd,1764092861042,2017.1618461608887,2017.1618461608887,mousedown,734.5,274.0,0,0,734.5,274.0,734.5,274.0,0,0,False,False,False,False,388.6365196139388,0.0,0.0,Bot/CVAttacker,1920,1080,1920,1080,bot,captcha3_success,captcha3
bot_session_1764092859025_13bb85cd,1764092861065,2040.0378704071045,22.87602424621582,mouseup,734.5,274.0,0,0,734.5,274.0,734.5,274.0,0,0,False,False,False,False,0.0,0.0,0.0,Bot/CVAttacker,1920,1080,1920,1080,bot,captcha3_success,captcha3
bot_session_1764092885097_6f609ff4,1764092887120,2023.0128765106201,2023.0128765106201,mousedown,734.5,274.0,0,0,734.5,274.0,734.5,274.0,0,0,False,False,False,False,387.512491142505,0.0,0.0,Bot/CVAttacker,1920,1080,1920,1080,bot,captcha3_success,captcha3
bot_session_1764092885097_6f609ff4,1764092887146,2049.039840698242,26.02696418762207,mouseup,734.5,274.0,0,0,734.5,274.0,734.5,274.0,0,0,False,False,False,False,0.0,0.0,0.0,Bot/CVAttacker,1920,1080,1920,1080,bot,captcha3_success,captcha3
bot_session_1764092911103_373643ef,1764092913115,2012.0971202850342,2012.0971202850342,mousedown,1078.5,274.0,0,0,1078.5,274.0,1078.5,274.0,0,0,False,False,False,False,553.0357014439428,0.0,0.0,Bot/CVAttacker,1920,1080,1920,1080,bot,captcha3_success,captcha3
bot_session_1764092911103_373643ef,1764092913130,2026.4229774475098,14.325857162475586,mouseup,1078.5,274.0,0,0,1078.5,274.0,1078.5,274.0,0,0,False,False,False,False,0.0,0.0,0.0,Bot/CVAttacker,1920,1080,1920,1080,bot,captcha3_success,captcha3
bot_session_1764092938382_396248e3,1764092940406,2023.5750675201416,2023.5750675201416,mousedown,734.5,274.0,0,0,734.5,274.0,734.5,274.0,0,0,False,False,False,False,387.40483215713084,0.0,0.0,Bot/CVAttacker,1920,1080,1920,1080,bot,captcha3_success,captcha3
bot_session_1764092938382_396248e3,1764092940431,2048.8288402557373,25.253772735595703,mouseup,734.5,274.0,0,0,734.5,274.0,734.5,274.0,0,0,False,False,False,False,0.0,0.0,0.0,Bot/CVAttacker,1920,1080,1920,1080,bot,captcha3_success,captcha3
bot_session_1764092965685_f6881575,1764092967708,2022.9711532592773,2022.9711532592773,mousedown,391.5,274.0,0,0,391.5,274.0,391.5,274.0,0,0,False,False,False,False,236.21591450993276,0.0,0.0,Bot/CVAttacker,1920,1080,1920,1080,bot,captcha3_success,captcha3
bot_session_1764092965685_f6881575,1764092967732,2047.6689338684082,24.69778060913086,mouseup,391.5,274.0,0,0,391.5,274.0,391.5,274.0,0,0,False,False,False,False,0.0,0.0,0.0,Bot/CVAttacker,1920,1080,1920,1080,bot,captcha3_success,captcha3
bot_session_1764092992995_856d7805,1764092995018,2023.1750011444092,2023.1750011444092,mousedown,391.5,274.0,0,0,391.5,274.0,391.5,274.0,0,0,False,False,False,False,236.1921142382904,0.0,0.0,Bot/CVAttacker,1920,1080,1920,1080,bot,captcha3_success,captcha3
bot_session_1764092992995_856d7805,1764092995049,2053.9698600769043,30.794858932495117,mouseup,391.5,274.0,0,0,391.5,274.0,391.5,274.0,0,0,False,False,False,False,0.0,0.0,0.0,Bot/CVAttacker,1920,1080,1920,1080,bot,captcha3_success,captcha3
bot_session_1764093020340_98c08008,1764093022363,2022.933006286621,2022.933006286621,mousedown,734.5,274.0,0,0,734.5,274.0,734.5,274.0,0,0,False,False,False,False,387.52779106068016,0.0,0.0,Bot/CVAttacker,1920,1080,1920,1080,bot,captcha3_success,captcha3
bot_session_1764093020340_98c08008,1764093022418,2077.6708126068115,54.73780632019043,mouseup,734.5,274.0,0,0,734.5,274.0,734.5,274.0,0,0,False,False,False,False,0.0,0.0,0.0,Bot/CVAttacker,1920,1080,1920,1080,bot,captcha3_success,captcha3
bot_session_1764093046343_aea15845,1764093048366,2023.8749980926514,2023.8749980926514,mousedown,1078.5,274.0,0,0,1078.5,274.0,1078.5,274.0,0,0,False,False,False,False,549.8173273244961,0.0,0.0,Bot/CVAttacker,1920,1080,1920,1080,bot,captcha3_success,captcha3
bot_session_1764093046343_aea15845,1764093048395,2052.464008331299,28.58901023864746,mouseup,1078.5,274.0,0,0,1078.5,274.0,1078.5,274.0,0,0,False,False,False,False,0.0,0.0,0.0,Bot/CVAttacker,1920,1080,1920,1080,bot,captcha3_success,captcha3
bot_session_1764093072377_c56d0330,1764093074400,2023.3521461486816,2023.3521461486816,mousedown,1078.5,274.0,0,0,1078.5,274.0,1078.5,274.0,0,0,False,False,False,False,549.9594049450263,0.0,0.0,Bot/CVAttacker,1920,1080,1920,1080,bot,captcha3_success,captcha3
bot_session_1764093072377_c56d0330,1764093074426,2049.7360229492188,26.38387680053711,mouseup,1078.5,274.0,0,0,1078.5,274.0,1078.5,274.0,0,0,False,False,False,False,0.0,0.0,0.0,Bot/CVAttacker,1920,1080,1920,1080,bot,captcha3_success,captcha3
bot_session_1764093098406_0b1ef494,1764093100421,2014.3280029296875,2014.3280029296875,mousedown,1078.5,274.0,0,0,1078.5,274.0,1078.5,274.0,0,0,False,False,False,False,552.4232104561639,0.0,0.0,Bot/CVAttacker,1920,1080,1920,1080,bot,captcha3_success,captcha3
bot_session_1764093098406_0b1ef494,1764093100436,2029.3669700622559,15.03896713256836,mouseup,1078.5,274.0,0,0,1078.5,274.0,1078.5,274.0,0,0,False,False,False,False,0.0,0.0,0.0,Bot/CVAttacker,1920,1080,1920,1080,bot,captcha3_success,captcha3
bot_session_1764093125736_595bc797,1764093127752,2016.2780284881592,2016.2780284881592,mousedown,734.5,274.0,0,0,734.5,274.0,734.5,274.0,0,0,False,False,False,False,388.80687500116704,0.0,0.0,Bot/CVAttacker,1920,1080,1920,1080,bot,captcha3_success,captcha3
bot_session_1764093125736_595bc797,1764093127769,2033.4198474884033,17.14181900024414,mouseup,734.5,274.0,0,0,734.5,274.0,734.5,274.0,0,0,False,False,False,False,0.0,0.0,0.0,Bot/CVAttacker,1920,1080,1920,1080,bot,captcha3_success,captcha3
bot_session_1764093152994_bcdf3a2a,1764093155008,2014.6949291229248,2014.6949291229248,mousedown,734.5,274.0,0,0,734.5,274.0,734.5,274.0,0,0,False,False,False,False,389.11239019759483,0.0,0.0,Bot/CVAttacker,1920,1080,1920,1080,bot,captcha3_success,captcha3
bot_session_1764093152994_bcdf3a2a,1764093155030,2036.3142490386963,21.619319915771484,mouseup,734.5,274.0,0,0,734.5,274.0,734.5,274.0,0,0,False,False,False,False,0.0,0.0,0.0,Bot/CVAttacker,1920,1080,1920,1080,bot,captcha3_success,captcha3
bot_session_1764093179042_f2292f49,1764093181067,2024.7979164123535,2024.7979164123535,mousedown,734.5,274.0,0,0,734.5,274.0,734.5,274.0,0,0,False,False,False,False,387.17086432952647,0.0,0.0,Bot/CVAttacker,1920,1080,1920,1080,bot,captcha3_success,captcha3
bot_session_1764093179042_f2292f49,1764093181093,2051.238775253296,26.440858840942383,mouseup,734.5,274.0,0,0,734.5,274.0,734.5,274.0,0,0,False,False,False,False,0.0,0.0,0.0,Bot/CVAttacker,1920,1080,1920,1080,bot,captcha3_success,captcha3
bot_session_1764093206310_ca5809f1,1764093208328,2018.2499885559082,2018.2499885559082,mousedown,734.5,274.0,0,0,734.5,274.0,734.5,274.0,0,0,False,False,False,False,388.4269856733256,0.0,0.0,Bot/CVAttacker,1920,1080,1920,1080,bot,captcha3_success,captcha3
bot_session_1764093206310_ca5809f1,1764093208345,2035.6581211090088,17.408132553100586,mouseup,734.5,274.0,0,0,734.5,274.0,734.5,274.0,0,0,False,False,False,False,0.0,0.0,0.0,Bot/CVAttacker,1920,1080,1920,1080,bot,captcha3_success,captcha3
bot_session_1764093404275_e0273311,1764093406290,2015.2480602264404,2015.2480602264404,mousedown,1078.5,274.0,0,0,1078.5,274.0,1078.5,274.0,0,0,False,False,False,False,552.1710027921512,0.0,0.0,Bot/CVAttacker,1920,1080,1920,1080,bot,captcha3_success,captcha3
bot_session_1764093404275_e0273311,1764093406318,2042.3219203948975,27.07386016845703,mouseup,1078.5,274.0,0,0,1078.5,274.0,1078.5,274.0,0,0,False,False,False,False,0.0,0.0,0.0,Bot/CVAttacker,1920,1080,1920,1080,bot,captcha3_success,captcha3
bot_session_1764093431609_406aba21,1764093433632,2022.5849151611328,2022.5849151611328,mousedown,1078.5,274.0,0,0,1078.5,274.0,1078.5,274.0,0,0,False,False,False,False,550.1680220934115,0.0,0.0,Bot/CVAttacker,1920,1080,1920,1080,bot,captcha3_success,captcha3
bot_session_1764093431609_406aba21,1764093433656,2046.5338230133057,23.94890785217285,mouseup,1078.5,274.0,0,0,1078.5,274.0,1078.5,274.0,0,0,False,False,False,False,0.0,0.0,0.0,Bot/CVAttacker,1920,1080,1920,1080,bot,captcha3_success,captcha3
bot_session_1764093457687_0fabd8fa,1764093459702,2014.8677825927734,2014.8677825927734,mousedown,1078.5,274.0,0,0,1078.5,274.0,1078.5,274.0,0,0,False,False,False,False,552.2752172146237,0.0,0.0,Bot/CVAttacker,1920,1080,1920,1080,bot,captcha3_success,captcha3
bot_session_1764093457687_0fabd8fa,1764093459719,2032.1760177612305,17.30823516845703,mouseup,1078.5,274.0,0,0,1078.5,274.0,1078.5,274.0,0,0,False,False,False,False,0.0,0.0,0.0,Bot/CVAttacker,1920,1080,1920,1080,bot,captcha3_success,captcha3
bot_session_1764093483764_5db57aa9,1764093485787,2023.0212211608887,2023.0212211608887,mousedown,734.5,274.0,0,0,734.5,274.0,734.5,274.0,0,0,False,False,False,False,387.51089271329454,0.0,0.0,Bot/CVAttacker,1920,1080,1920,1080,bot,captcha3_success,captcha3
bot_session_1764093483764_5db57aa9,1764093485812,2048.2141971588135,25.192975997924805,mouseup,734.5,274.0,0,0,734.5,274.0,734.5,274.0,0,0,False,False,False,False,0.0,0.0,0.0,Bot/CVAttacker,1920,1080,1920,1080,bot,captcha3_success,captcha3
bot_session_1764093511060_b40dc4b9,1764093513083,2023.3290195465088,2023.3290195465088,mousedown,734.5,274.0,0,0,734.5,274.0,734.5,274.0,0,0,False,False,False,False,387.45194272244527,0.0,0.0,Bot/CVAttacker,1920,1080,1920,1080,bot,captcha3_success,captcha3
bot_session_1764093511060_b40dc4b9,1764093513110,2049.9017238616943,26.572704315185547,mouseup,734.5,274.0,0,0,734.5,274.0,734.5,274.0,0,0,False,False,False,False,0.0,0.0,0.0,Bot/CVAttacker,1920,1080,1920,1080,bot,captcha3_success,captcha3
bot_session_1764093537148_b86735a7,1764093539170,2022.7489471435547,2022.7489471435547,mousedown,1078.5,274.0,0,0,1078.5,274.0,1078.5,274.0,0,0,False,False,False,False,550.1234069910498,0.0,0.0,Bot/CVAttacker,1920,1080,1920,1080,bot,captcha3_success,captcha3
bot_session_1764093537148_b86735a7,1764093539199,2051.453113555908,28.704166412353516,mouseup,1078.5,274.0,0,0,1078.5,274.0,1078.5,274.0,0,0,False,False,False,False,0.0,0.0,0.0,Bot/CVAttacker,1920,1080,1920,1080,bot,captcha3_success,captcha3
bot_session_1764093564513_7b81c499,1764093566535,2022.5698947906494,2022.5698947906494,mousedown,1078.5,274.0,0,0,1078.5,274.0,1078.5,274.0,0,0,False,False,False,False,550.1721078496275,0.0,0.0,Bot/CVAttacker,1920,1080,1920,1080,bot,captcha3_success,captcha3
bot_session_1764093564513_7b81c499,1764093566564,2051.274061203003,28.704166412353516,mouseup,1078.5,274.0,0,0,1078.5,274.0,1078.5,274.0,0,0,False,False,False,False,0.0,0.0,0.0,Bot/CVAttacker,1920,1080,1920,1080,bot,captcha3_success,captcha3
bot_session_1764093591836_3b006ebf,1764093593859,2023.3259201049805,2023.3259201049805,mousedown,734.5,274.0,0,0,734.5,274.0,734.5,274.0,0,0,False,False,False,False,387.4525362425645,0.0,0.0,Bot/CVAttacker,1920,1080,1920,1080,bot,captcha3_success,captcha3
bot_session_1764093591836_3b006ebf,1764093593901,2065.485954284668,42.1600341796875,mouseup,734.5,274.0,0,0,734.5,274.0,734.5,274.0,0,0,False,False,False,False,0.0,0.0,0.0,Bot/CVAttacker,1920,1080,1920,1080,bot,captcha3_success,captcha3
bot_session_1764093619205_ed1e0cf1,1764093621219,2013.524055480957,2013.524055480957,mousedown,391.5,274.0,0,0,391.5,274.0,391.5,274.0,0,0,False,False,False,False,237.3241976889175,0.0,0.0,Bot/CVAttacker,1920,1080,1920,1080,bot,captcha3_success,captcha3
bot_session_1764093619205_ed1e0cf1,1764093621234,2029.1500091552734,15.625953674316406,mouseup,391.5,274.0,0,0,391.5,274.0,391.5,274.0,0,0,False,False,False,False,0.0,0.0,0.0,Bot/CVAttacker,1920,1080,1920,1080,bot,captcha3_success,captcha3
bot_session_1764093645295_4869897d,1764093647318,2022.1588611602783,2022.1588611602783,mousedown,391.5,274.0,0,0,391.5,274.0,391.5,274.0,0,0,False,False,False,False,236.31080137797247,0.0,0.0,Bot/CVAttacker,1920,1080,1920,1080,bot,captcha3_success,captcha3
bot_session_1764093645295_4869897d,1764093647339,2044.0349578857422,21.876096725463867,mouseup,391.5,274.0,0,0,391.5,274.0,391.5,274.0,0,0,False,False,False,False,0.0,0.0,0.0,Bot/CVAttacker,1920,1080,1920,1080,bot,captcha3_success,captcha3
bot_session_1764093671330_734efb4b,1764093673341,2011.699914932251,2011.699914932251,mousedown,734.5,274.0,0,0,734.5,274.0,734.5,274.0,0,0,False,False,False,False,389.69169982611265,0.0,0.0,Bot/CVAttacker,1920,1080,1920,1080,bot,captcha3_success,captcha3
bot_session_1764093671330_734efb4b,1764093673356,2026.188850402832,14.488935470581055,mouseup,734.5,274.0,0,0,734.5,274.0,734.5,274.0,0,0,False,False,False,False,0.0,0.0,0.0,Bot/CVAttacker,1920,1080,1920,1080,bot,captcha3_success,captcha3
bot_session_1764093698645_8c743ad2,1764093700667,2021.9159126281738,2021.9159126281738,mousedown,391.5,274.0,0,0,391.5,274.0,391.5,274.0,0,0,False,False,False,False,236.3391959130551,0.0,0.0,Bot/CVAttacker,1920,1080,1920,1080,bot,captcha3_success,captcha3
bot_session_1764093698645_8c743ad2,1764093700689,2043.9281463623047,22.01223373413086,mouseup,391.5,274.0,0,0,391.5,274.0,391.5,274.0,0,0,False,False,False,False,0.0,0.0,0.0,Bot/CVAttacker,1920,1080,1920,1080,bot,captcha3_success,captcha3
bot_session_1764093724731_99f5c7b4,1764093726747,2015.4650211334229,2015.4650211334229,mousedown,391.5,274.0,0,0,391.5,274.0,391.5,274.0,0,0,False,False,False,False,237.09564590985755,0.0,0.0,Bot/CVAttacker,1920,1080,1920,1080,bot,captcha3_success,captcha3
bot_session_1764093724731_99f5c7b4,1764093726763,2031.3737392425537,15.90871810913086,mouseup,391.5,274.0,0,0,391.5,274.0,391.5,274.0,0,0,False,False,False,False,0.0,0.0,0.0,Bot/CVAttacker,1920,1080,1920,1080,bot,captcha3_success,captcha3
bot_session_1764093750827_e24fe7e6,1764093752854,2027.1258354187012,2027.1258354187012,mousedown,1078.5,274.0,0,0,1078.5,274.0,1078.5,274.0,0,0,False,False,False,False,548.935602737425,0.0,0.0,Bot/CVAttacker,1920,1080,1920,1080,bot,captcha3_success,captcha3
bot_session_1764093750827_e24fe7e6,1764093752878,2051.081895828247,23.9560604095459,mouseup,1078.5,274.0,0,0,1078.5,274.0,1078.5,274.0,0,0,False,False,False,False,0.0,0.0,0.0,Bot/CVAttacker,1920,1080,1920,1080,bot,captcha3_success,captcha3
bot_session_1764093778193_ad3125cb,1764093780216,2022.8540897369385,2022.8540897369385,mousedown,391.5,274.0,0,0,391.5,274.0,391.5,274.0,0,0,False,False,False,False,236.22958443656037,0.0,0.0,Bot/CVAttacker,1920,1080,1920,1080,bot,captcha3_success,captcha3
bot_session_1764093778193_ad3125cb,1764093780244,2050.610065460205,27.7559757232666,mouseup,391.5,274.0,0,0,391.5,274.0,391.5,274.0,0,0,False,False,False,False,0.0,0.0,0.0,Bot/CVAttacker,1920,1080,1920,1080,bot,captcha3_success,captcha3
bot_session_1764093805539_29c47dd0,1764093807550,2010.2729797363281,2010.2729797363281,mousedown,391.5,274.0,0,0,391.5,274.0,391.5,274.0,0,0,False,False,False,False,237.7080057341419,0.0,0.0,Bot/CVAttacker,1920,1080,1920,1080,bot,captcha3_success,captcha3
bot_session_1764093805539_29c47dd0,1764093807565,2025.4061222076416,15.133142471313477,mouseup,391.5,274.0,0,0,391.5,274.0,391.5,274.0,0,0,False,False,False,False,0.0,0.0,0.0,Bot/CVAttacker,1920,1080,1920,1080,bot,captcha3_success,captcha3
bot_session_1764093832833_b95cfbb3,1764093834854,2021.3921070098877,2021.3921070098877,mousedown,391.5,274.0,0,0,391.5,274.0,391.5,274.0,0,0,False,False,False,False,236.4004387556541,0.0,0.0,Bot/CVAttacker,1920,1080,1920,1080,bot,captcha3_success,captcha3
bot_session_1764093832833_b95cfbb3,1764093834879,2046.8699932098389,25.477886199951172,mouseup,391.5,274.0,0,0,391.5,274.0,391.5,274.0,0,0,False,False,False,False,0.0,0.0,0.0,Bot/CVAttacker,1920,1080,1920,1080,bot,captcha3_success,captcha3
bot_session_1764093860169_ab04176c,1764093862186,2017.1968936920166,2017.1968936920166,mousedown,1078.5,274.0,0,0,1078.5,274.0,1078.5,274.0,0,0,False,False,False,False,551.6375450358324,0.0,0.0,Bot/CVAttacker,1920,1080,1920,1080,bot,captcha3_success,captcha3
bot_session_1764093860169_ab04176c,1764093862210,2041.2919521331787,24.09505844116211,mouseup,1078.5,274.0,0,0,1078.5,274.0,1078.5,274.0,0,0,False,False,False,False,0.0,0.0,0.0,Bot/CVAttacker,1920,1080,1920,1080,bot,captcha3_success,captcha3
bot_session_1764093886265_e05b1bd9,1764093888289,2023.4801769256592,2023.4801769256592,mousedown,734.5,274.0,0,0,734.5,274.0,734.5,274.0,0,0,False,False,False,False,387.4229994093965,0.0,0.0,Bot/CVAttacker,1920,1080,1920,1080,bot,captcha3_success,captcha3
bot_session_1764093886265_e05b1bd9,1764093888317,2051.666259765625,28.18608283996582,mouseup,734.5,274.0,0,0,734.5,274.0,734.5,274.0,0,0,False,False,False,False,0.0,0.0,0.0,Bot/CVAttacker,1920,1080,1920,1080,bot,captcha3_success,captcha3
bot_session_1764093913639_fd7f02e4,1764093915666,2026.8409252166748,2026.8409252166748,mousedown,391.5,274.0,0,0,391.5,274.0,391.5,274.0,0,0,False,False,False,False,235.7649162542291,0.0,0.0,Bot/CVAttacker,1920,1080,1920,1080,bot,captcha3_success,captcha3
bot_session_1764093913639_fd7f02e4,1764093915690,2050.600051879883,23.759126663208008,mouseup,391.5,274.0,0,0,391.5,274.0,391.5,274.0,0,0,False,False,False,False,0.0,0.0,0.0,Bot/CVAttacker,1920,1080,1920,1080,bot,captcha3_success,captcha3
bot_session_1764093940958_cb07f98e,1764093942970,2012.1452808380127,2012.1452808380127,mousedown,391.5,274.0,0,0,391.5,274.0,391.5,274.0,0,0,False,False,False,False,237.48681844450945,0.0,0.0,Bot/CVAttacker,1920,1080,1920,1080,bot,captcha3_success,captcha3
bot_session_1764093940958_cb07f98e,1764093942992,2033.710241317749,21.564960479736328,mouseup,391.5,274.0,0,0,391.5,274.0,391.5,274.0,0,0,False,False,False,False,0.0,0.0,0.0,Bot/CVAttacker,1920,1080,1920,1080,bot,captcha3_success,captcha3
bot_session_1764093968315_4669a4f3,1764093970339,2024.0271091461182,2024.0271091461182,mousedown,391.5,274.0,0,0,391.5,274.0,391.5,274.0,0,0,False,False,False,False,236.09267822304454,0.0,0.0,Bot/CVAttacker,1920,1080,1920,1080,bot,captcha3_success,captcha3
bot_session_1764093968315_4669a4f3,1764093970383,2068.3939456939697,44.36683654785156,mouseup,391.5,274.0,0,0,391.5,274.0,391.5,274.0,0,0,False,False,False,False,0.0,0.0,0.0,Bot/CVAttacker,1920,1080,1920,1080,bot,captcha3_success,captcha3
bot_session_1764093994437_5054811f,1764093996465,2028.1150341033936,2028.1150341033936,mousedown,734.5,274.0,0,0,734.5,274.0,734.5,274.0,0,0,False,False,False,False,386.5376205036453,0.0,0.0,Bot/CVAttacker,1920,1080,1920,1080,bot,captcha3_success,captcha3
bot_session_1764093994437_5054811f,1764093996497,2060.3880882263184,32.273054122924805,mouseup,734.5,274.0,0,0,734.5,274.0,734.5,274.0,0,0,False,False,False,False,0.0,0.0,0.0,Bot/CVAttacker,1920,1080,1920,1080,bot,captcha3_success,captcha3
bot_session_1764094021917_d7fea940,1764094023934,2017.3048973083496,2017.3048973083496,mousedown,734.5,274.0,0,0,734.5,274.0,734.5,274.0,0,0,False,False,False,False,388.6089606167093,0.0,0.0,Bot/CVAttacker,1920,1080,1920,1080,bot,captcha3_success,captcha3
bot_session_1764094021917_d7fea940,1764094023948,2031.3208103179932,14.015913009643555,mouseup,734.5,274.0,0,0,734.5,274.0,734.5,274.0,0,0,False,False,False,False,0.0,0.0,0.0,Bot/CVAttacker,1920,1080,1920,1080,bot,captcha3_success,captcha3
bot_session_1764094049282_d4b2d982,1764094051305,2022.3870277404785,2022.3870277404785,mousedown,1078.5,274.0,0,0,1078.5,274.0,1078.5,274.0,0,0,False,False,False,False,550.221855177448,0.0,0.0,Bot/CVAttacker,1920,1080,1920,1080,bot,captcha3_success,captcha3
bot_session_1764094049282_d4b2d982,1764094051350,2067.6910877227783,45.304059982299805,mouseup,1078.5,274.0,0,0,1078.5,274.0,1078.5,274.0,0,0,False,False,False,False,0.0,0.0,0.0,Bot/CVAttacker,1920,1080,1920,1080,bot,captcha3_success,captcha3
bot_session_1764094076652_3a9aaad1,1764094078674,2021.8582153320312,2021.8582153320312,mousedown,734.5,274.0,0,0,734.5,274.0,734.5,274.0,0,0,False,False,False,False,387.7337953004066,0.0,0.0,Bot/CVAttacker,1920,1080,1920,1080,bot,captcha3_success,captcha3
bot_session_1764094076652_3a9aaad1,1764094078696,2043.5750484466553,21.716833114624023,mouseup,734.5,274.0,0,0,734.5,274.0,734.5,274.0,0,0,False,False,False,False,0.0,0.0,0.0,Bot/CVAttacker,1920,1080,1920,1080,bot,captcha3_success,captcha3
bot_session_1764094104006_9f472645,1764094106019,2013.5350227355957,2013.5350227355957,mousedown,391.5,274.0,0,0,391.5,274.0,391.5,274.0,0,0,False,False,False,False,237.3229050394833,0.0,0.0,Bot/CVAttacker,1920,1080,1920,1080,bot,captcha3_success,captcha3
bot_session_1764094104006_9f472645,1764094106043,2037.5428199768066,24.007797241210938,mouseup,391.5,274.0,0,0,391.5,274.0,391.5,274.0,0,0,False,False,False,False,0.0,0.0,0.0,Bot/CVAttacker,1920,1080,1920,1080,bot,captcha3_success,captcha3
bot_session_1764094131346_27d71610,1764094133368,2022.5951671600342,2022.5951671600342,mousedown,734.5,274.0,0,0,734.5,274.0,734.5,274.0,0,0,False,False,False,False,387.5925207963118,0.0,0.0,Bot/CVAttacker,1920,1080,1920,1080,bot,captcha3_success,captcha3
bot_session_1764094131346_27d71610,1764094133396,2050.5411624908447,27.945995330810547,mouseup,734.5,274.0,0,0,734.5,274.0,734.5,274.0,0,0,False,False,False,False,0.0,0.0,0.0,Bot/CVAttacker,1920,1080,1920,1080,bot,captcha3_success,captcha3
bot_session_1764094158664_76fe4704,1764094160686,2022.6778984069824,2022.6778984069824,mousedown,391.5,274.0,0,0,391.5,274.0,391.5,274.0,0,0,False,False,False,False,236.2501619119407,0.0,0.0,Bot/CVAttacker,1920,1080,1920,1080,bot,captcha3_success,captcha3
bot_session_1764094158664_76fe4704,1764094160714,2050.7822036743164,28.104305267333984,mouseup,391.5,274.0,0,0,391.5,274.0,391.5,274.0,0,0,False,False,False,False,0.0,0.0,0.0,Bot/CVAttacker,1920,1080,1920,1080,bot,captcha3_success,captcha3
bot_session_1764094186019_30d7aeab,1764094188033,2013.3388042449951,2013.3388042449951,mousedown,734.5,274.0,0,0,734.5,274.0,734.5,274.0,0,0,False,False,False,False,389.37448468042356,0.0,0.0,Bot/CVAttacker,1920,1080,1920,1080,bot,captcha3_success,captcha3
bot_session_1764094186019_30d7aeab,1764094188048,2028.9480686187744,15.609264373779297,mouseup,734.5,274.0,0,0,734.5,274.0,734.5,274.0,0,0,False,False,False,False,0.0,0.0,0.0,Bot/CVAttacker,1920,1080,1920,1080,bot,captcha3_success,captcha3
bot_session_1764094213341_cffbb7fb,1764094215365,2023.2648849487305,2023.2648849487305,mousedown,1078.5,274.0,0,0,1078.5,274.0,1078.5,274.0,0,0,False,False,False,False,549.9831240922111,0.0,0.0,Bot/CVAttacker,1920,1080,1920,1080,bot,captcha3_success,captcha3
bot_session_1764094213341_cffbb7fb,1764094215391,2049.597978591919,26.333093643188477,mouseup,1078.5,274.0,0,0,1078.5,274.0,1078.5,274.0,0,0,False,False,False,False,0.0,0.0,0.0,Bot/CVAttacker,1920,1080,1920,1080,bot,captcha3_success,captcha3
bot_session_1764094240702_a253e660,1764094242725,2022.8519439697266,2022.8519439697266,mousedown,734.5,274.0,0,0,734.5,274.0,734.5,274.0,0,0,False,False,False,False,387.54332057122986,0.0,0.0,Bot/CVAttacker,1920,1080,1920,1080,bot,captcha3_success,captcha3
bot_session_1764094240702_a253e660,1764094242753,2051.558017730713,28.706073760986328,mouseup,734.5,274.0,0,0,734.5,274.0,734.5,274.0,0,0,False,False,False,False,0.0,0.0,0.0,Bot/CVAttacker,1920,1080,1920,1080,bot,captcha3_success,captcha3
bot_session_1764094268003_d852e387,1764094270024,2021.2900638580322,2021.2900638580322,mousedown,1078.5,274.0,0,0,1078.5,274.0,1078.5,274.0,0,0,False,False,False,False,550.5204632363577,0.0,0.0,Bot/CVAttacker,1920,1080,1920,1080,bot,captcha3_success,captcha3
bot_session_1764094268003_d852e387,1764094270046,2043.595790863037,22.305727005004883,mouseup,1078.5,274.0,0,0,1078.5,274.0,1078.5,274.0,0,0,False,False,False,False,0.0,0.0,0.0,Bot/CVAttacker,1920,1080,1920,1080,bot,captcha3_success,captcha3
bot_session_1764094294085_3e35e52d,1764094296109,2024.7228145599365,2024.7228145599365,mousedown,1078.5,274.0,0,0,1078.5,274.0,1078.5,274.0,0,0,False,False,False,False,549.5871011519295,0.0,0.0,Bot/CVAttacker,1920,1080,1920,1080,bot,captcha3_success,captcha3
bot_session_1764094294085_3e35e52d,1764094296136,2051.2566566467285,26.533842086791992,mouseup,1078.5,274.0,0,0,1078.5,274.0,1078.5,274.0,0,0,False,False,False,False,0.0,0.0,0.0,Bot/CVAttacker,1920,1080,1920,1080,bot,captcha3_success,captcha3
bot_session_1764094405058_6eb4ca68,1764094407085,2027.0373821258545,2027.0373821258545,mousedown,391.5,274.0,0,0,391.5,274.0,391.5,274.0,0,0,False,False,False,False,235.74206633189974,0.0,0.0,Bot/CVAttacker,1920,1080,1920,1080,bot,captcha3_success,captcha3
bot_session_1764094405058_6eb4ca68,1764094407123,2064.5971298217773,37.55974769592285,mouseup,391.5,274.0,0,0,391.5,274.0,391.5,274.0,0,0,False,False,False,False,0.0,0.0,0.0,Bot/CVAttacker,1920,1080,1920,1080,bot,captcha3_success,captcha3
bot_session_1764094432469_65754937,1764094434496,2027.2438526153564,2027.2438526153564,mousedown,734.5,274.0,0,0,734.5,274.0,734.5,274.0,0,0,False,False,False,False,386.70372998227475,0.0,0.0,Bot/CVAttacker,1920,1080,1920,1080,bot,captcha3_success,captcha3
bot_session_1764094432469_65754937,1764094434522,2052.7260303497314,25.482177734375,mouseup,734.5,274.0,0,0,734.5,274.0,734.5,274.0,0,0,False,False,False,False,0.0,0.0,0.0,Bot/CVAttacker,1920,1080,1920,1080,bot,captcha3_success,captcha3
bot_session_1764094458560_7cfb7266,1764094460586,2025.9220600128174,2025.9220600128174,mousedown,1078.5,274.0,0,0,1078.5,274.0,1078.5,274.0,0,0,False,False,False,False,549.261772826113,0.0,0.0,Bot/CVAttacker,1920,1080,1920,1080,bot,captcha3_success,captcha3
bot_session_1764094458560_7cfb7266,1764094460612,2051.3060092926025,25.383949279785156,mouseup,1078.5,274.0,0,0,1078.5,274.0,1078.5,274.0,0,0,False,False,False,False,0.0,0.0,0.0,Bot/CVAttacker,1920,1080,1920,1080,bot,captcha3_success,captcha3
bot_session_1764094484652_a940b997,1764094486680,2028.080940246582,2028.080940246582,mousedown,734.5,274.0,0,0,734.5,274.0,734.5,274.0,0,0,False,False,False,False,386.5441185472018,0.0,0.0,Bot/CVAttacker,1920,1080,1920,1080,bot,captcha3_success,captcha3
bot_session_1764094484652_a940b997,1764094486705,2053.1630516052246,25.082111358642578,mouseup,734.5,274.0,0,0,734.5,274.0,734.5,274.0,0,0,False,False,False,False,0.0,0.0,0.0,Bot/CVAttacker,1920,1080,1920,1080,bot,captcha3_success,captcha3
bot_session_1764094512003_7edaae83,1764094514026,2022.6120948791504,2022.6120948791504,mousedown,391.5,274.0,0,0,391.5,274.0,391.5,274.0,0,0,False,False,False,False,236.25784805904922,0.0,0.0,Bot/CVAttacker,1920,1080,1920,1080,bot,captcha3_success,captcha3
bot_session_1764094512003_7edaae83,1764094514053,2049.1902828216553,26.578187942504883,mouseup,391.5,274.0,0,0,391.5,274.0,391.5,274.0,0,0,False,False,False,False,0.0,0.0,0.0,Bot/CVAttacker,1920,1080,1920,1080,bot,captcha3_success,captcha3
bot_session_1764094538027_142ad9e3,1764094540050,2023.710012435913,2023.710012435913,mousedown,734.5,274.0,0,0,734.5,274.0,734.5,274.0,0,0,False,False,False,False,387.3789992501809,0.0,0.0,Bot/CVAttacker,1920,1080,1920,1080,bot,captcha3_success,captcha3
bot_session_1764094538027_142ad9e3,1764094540078,2051.8970489501953,28.187036514282227,mouseup,734.5,274.0,0,0,734.5,274.0,734.5,274.0,0,0,False,False,False,False,0.0,0.0,0.0,Bot/CVAttacker,1920,1080,1920,1080,bot,captcha3_success,captcha3
bot_session_1764094565362_05b2c492,1764094567383,2020.7297801971436,2020.7297801971436,mousedown,391.5,274.0,0,0,391.5,274.0,391.5,274.0,0,0,False,False,False,False,236.47792281644578,0.0,0.0,Bot/CVAttacker,1920,1080,1920,1080,bot,captcha3_success,captcha3
bot_session_1764094565362_05b2c492,1764094567411,2048.7709045410156,28.04112434387207,mouseup,391.5,274.0,0,0,391.5,274.0,391.5,274.0,0,0,False,False,False,False,0.0,0.0,0.0,Bot/CVAttacker,1920,1080,1920,1080,bot,captcha3_success,captcha3
bot_session_1764094591445_4faa9695,1764094593461,2016.2620544433594,2016.2620544433594,mousedown,391.5,274.0,0,0,391.5,274.0,391.5,274.0,0,0,False,False,False,False,237.00192142250003,0.0,0.0,Bot/CVAttacker,1920,1080,1920,1080,bot,captcha3_success,captcha3
bot_session_1764094591445_4faa9695,1764094593489,2044.133186340332,27.871131896972656,mouseup,391.5,274.0,0,0,391.5,274.0,391.5,274.0,0,0,False,False,False,False,0.0,0.0,0.0,Bot/CVAttacker,1920,1080,1920,1080,bot,captcha3_success,captcha3
bot_session_1764094617539_82a6f412,1764094619562,2022.7599143981934,2022.7599143981934,mousedown,734.5,274.0,0,0,734.5,274.0,734.5,274.0,0,0,False,False,False,False,387.56095264189173,0.0,0.0,Bot/CVAttacker,1920,1080,1920,1080,bot,captcha3_success,captcha3
bot_session_1764094617539_82a6f412,1764094619589,2050.43363571167,27.673721313476562,mouseup,734.5,274.0,0,0,734.5,274.0,734.5,274.0,0,0,False,False,False,False,0.0,0.0,0.0,Bot/CVAttacker,1920,1080,1920,1080,bot,captcha3_success,captcha3
bot_session_1764094644843_3a394c16,1764094646871,2027.9510021209717,2027.9510021209717,mousedown,391.5,274.0,0,0,391.5,274.0,391.5,274.0,0,0,False,False,False,False,235.63586126813547,0.0,0.0,Bot/CVAttacker,1920,1080,1920,1080,bot,captcha3_success,captcha3
bot_session_1764094644843_3a394c16,1764094646915,2071.8870162963867,43.93601417541504,mouseup,391.5,274.0,0,0,391.5,274.0,391.5,274.0,0,0,False,False,False,False,0.0,0.0,0.0,Bot/CVAttacker,1920,1080,1920,1080,bot,captcha3_success,captcha3
bot_session_1764094670947_644eab69,1764094672969,2022.4971771240234,2022.4971771240234,mousedown,1078.5,274.0,0,0,1078.5,274.0,1078.5,274.0,0,0,False,False,False,False,550.1918889560627,0.0,0.0,Bot/CVAttacker,1920,1080,1920,1080,bot,captcha3_success,captcha3
bot_session_1764094670947_644eab69,1764094673010,2063.823938369751,41.32676124572754,mouseup,1078.5,274.0,0,0,1078.5,274.0,1078.5,274.0,0,0,False,False,False,False,0.0,0.0,0.0,Bot/CVAttacker,1920,1080,1920,1080,bot,captcha3_success,captcha3
bot_session_1764094698303_176b2a6c,1764094700331,2027.364730834961,2027.364730834961,mousedown,391.5,274.0,0,0,391.5,274.0,391.5,274.0,0,0,False,False,False,False,235.70400220859614,0.0,0.0,Bot/CVAttacker,1920,1080,1920,1080,bot,captcha3_success,captcha3
bot_session_1764094698303_176b2a6c,1764094700355,2051.585912704468,24.221181869506836,mouseup,391.5,274.0,0,0,391.5,274.0,391.5,274.0,0,0,False,False,False,False,0.0,0.0,0.0,Bot/CVAttacker,1920,1080,1920,1080,bot,captcha3_success,captcha3
bot_session_1764094725644_c76c69c2,1764094727661,2016.5112018585205,2016.5112018585205,mousedown,1078.5,274.0,0,0,1078.5,274.0,1078.5,274.0,0,0,False,False,False,False,551.8251231456551,0.0,0.0,Bot/CVAttacker,1920,1080,1920,1080,bot,captcha3_success,captcha3
bot_session_1764094725644_c76c69c2,1764094727685,2040.1611328125,23.649930953979492,mouseup,1078.5,274.0,0,0,1078.5,274.0,1078.5,274.0,0,0,False,False,False,False,0.0,0.0,0.0,Bot/CVAttacker,1920,1080,1920,1080,bot,captcha3_success,captcha3
bot_session_1764094751714_8a279210,1764094753738,2023.4339237213135,2023.4339237213135,mousedown,391.5,274.0,0,0,391.5,274.0,391.5,274.0,0,0,False,False,False,False,236.1618906317045,0.0,0.0,Bot/CVAttacker,1920,1080,1920,1080,bot,captcha3_success,captcha3
bot_session_1764094751714_8a279210,1764094753774,2060.1818561553955,36.74793243408203,mouseup,391.5,274.0,0,0,391.5,274.0,391.5,274.0,0,0,False,False,False,False,0.0,0.0,0.0,Bot/CVAttacker,1920,1080,1920,1080,bot,captcha3_success,captcha3
bot_session_1764094778998_6e78d084,1764094781010,2011.7101669311523,2011.7101669311523,mousedown,1078.5,274.0,0,0,1078.5,274.0,1078.5,274.0,0,0,False,False,False,False,553.1420781094325,0.0,0.0,Bot/CVAttacker,1920,1080,1920,1080,bot,captcha3_success,captcha3
bot_session_1764094778998_6e78d084,1764094781024,2026.0260105133057,14.31584358215332,mouseup,1078.5,274.0,0,0,1078.5,274.0,1078.5,274.0,0,0,False,False,False,False,0.0,0.0,0.0,Bot/CVAttacker,1920,1080,1920,1080,bot,captcha3_success,captcha3
bot_session_1764094806302_cf20d810,1764094808325,2022.8369235992432,2022.8369235992432,mousedown,391.5,274.0,0,0,391.5,274.0,391.5,274.0,0,0,False,False,False,False,236.23158912093547,0.0,0.0,Bot/CVAttacker,1920,1080,1920,1080,bot,captcha3_success,captcha3
bot_session_1764094806302_cf20d810,1764094808354,2052.222967147827,29.386043548583984,mouseup,391.5,274.0,0,0,391.5,274.0,391.5,274.0,0,0,False,False,False,False,0.0,0.0,0.0,Bot/CVAttacker,1920,1080,1920,1080,bot,captcha3_success,captcha3
bot_session_1764094832400_24873117,1764094834427,2027.435064315796,2027.435064315796,mousedown,1078.5,274.0,0,0,1078.5,274.0,1078.5,274.0,0,0,False,False,False,False,548.85187786061,0.0,0.0,Bot/CVAttacker,1920,1080,1920,1080,bot,captcha3_success,captcha3
bot_session_1764094832400_24873117,1764094834451,2051.8789291381836,24.443864822387695,mouseup,1078.5,274.0,0,0,1078.5,274.0,1078.5,274.0,0,0,False,False,False,False,0.0,0.0,0.0,Bot/CVAttacker,1920,1080,1920,1080,bot,captcha3_success,captcha3
bot_session_1764094859719_100928fb,1764094861743,2024.5158672332764,2024.5158672332764,mousedown,391.5,274.0,0,0,391.5,274.0,391.5,274.0,0,0,False,False,False,False,236.03568079088413,0.0,0.0,Bot/CVAttacker,1920,1080,1920,1080,bot,captcha3_success,captcha3
bot_session_1764094859719_100928fb,1764094861769,2050.0199794769287,25.504112243652344,mouseup,391.5,274.0,0,0,391.5,274.0,391.5,274.0,0,0,False,False,False,False,0.0,0.0,0.0,Bot/CVAttacker,1920,1080,1920,1080,bot,captcha3_success,captcha3
bot_session_1764094887080_6510674e,1764094889098,2018.0671215057373,2018.0671215057373,mousedown,734.5,274.0,0,0,734.5,274.0,734.5,274.0,0,0,False,False,False,False,388.46218296499137,0.0,0.0,Bot/CVAttacker,1920,1080,1920,1080,bot,captcha3_success,captcha3
bot_session_1764094887080_6510674e,1764094889119,2039.017915725708,20.950794219970703,mouseup,734.5,274.0,0,0,734.5,274.0,734.5,274.0,0,0,False,False,False,False,0.0,0.0,0.0,Bot/CVAttacker,1920,1080,1920,1080,bot,captcha3_success,captcha3
bot_session_1764094913106_4131ebc6,1764094915118,2011.9431018829346,2011.9431018829346,mousedown,1078.5,274.0,0,0,1078.5,274.0,1078.5,274.0,0,0,False,False,False,False,553.0780374697283,0.0,0.0,Bot/CVAttacker,1920,1080,1920,1080,bot,captcha3_success,captcha3
bot_session_1764094913106_4131ebc6,1764094915132,2026.2150764465332,14.271974563598633,mouseup,1078.5,274.0,0,0,1078.5,274.0,1078.5,274.0,0,0,False,False,False,False,0.0,0.0,0.0,Bot/CVAttacker,1920,1080,1920,1080,bot,captcha3_success,captcha3
bot_session_1764094940395_f34b275c,1764094942417,2021.5489864349365,2021.5489864349365,mousedown,391.5,274.0,0,0,391.5,274.0,391.5,274.0,0,0,False,False,False,False,236.38209323686524,0.0,0.0,Bot/CVAttacker,1920,1080,1920,1080,bot,captcha3_success,captcha3
bot_session_1764094940395_f34b275c,1764094942441,2045.2280044555664,23.679018020629883,mouseup,391.5,274.0,0,0,391.5,274.0,391.5,274.0,0,0,False,False,False,False,0.0,0.0,0.0,Bot/CVAttacker,1920,1080,1920,1080,bot,captcha3_success,captcha3
bot_session_1764094966507_2198c044,1764094968535,2027.9319286346436,2027.9319286346436,mousedown,1078.5,274.0,0,0,1078.5,274.0,1078.5,274.0,0,0,False,False,False,False,548.7174034679587,0.0,0.0,Bot/CVAttacker,1920,1080,1920,1080,bot,captcha3_success,captcha3
bot_session_1764094966507_2198c044,1764094968570,2062.807083129883,34.87515449523926,mouseup,1078.5,274.0,0,0,1078.5,274.0,1078.5,274.0,0,0,False,False,False,False,0.0,0.0,0.0,Bot/CVAttacker,1920,1080,1920,1080,bot,captcha3_success,captcha3
bot_session_1764094992589_cb60ec97,1764094994616,2027.4701118469238,2027.4701118469238,mousedown,391.5,274.0,0,0,391.5,274.0,391.5,274.0,0,0,False,False,False,False,235.69175111491475,0.0,0.0,Bot/CVAttacker,1920,1080,1920,1080,bot,captcha3_success,captcha3
bot_session_1764094992589_cb60ec97,1764094994643,2054.471969604492,27.00185775756836,mouseup,391.5,274.0,0,0,391.5,274.0,391.5,274.0,0,0,False,False,False,False,0.0,0.0,0.0,Bot/CVAttacker,1920,1080,1920,1080,bot,captcha3_success,captcha3
bot_session_1764095018652_1908bb5c,1764095020676,2024.0240097045898,2024.0240097045898,mousedown,391.5,274.0,0,0,391.5,274.0,391.5,274.0,0,0,False,False,False,False,236.0930397580105,0.0,0.0,Bot/CVAttacker,1920,1080,1920,1080,bot,captcha3_success,captcha3
bot_session_1764095018652_1908bb5c,1764095020702,2049.942970275879,25.918960571289062,mouseup,391.5,274.0,0,0,391.5,274.0,391.5,274.0,0,0,False,False,False,False,0.0,0.0,0.0,Bot/CVAttacker,1920,1080,1920,1080,bot,captcha3_success,captcha3
bot_session_1764095045970_b1cff15b,1764095047994,2024.2512226104736,2024.2512226104736,mousedown,1078.5,274.0,0,0,1078.5,274.0,1078.5,274.0,0,0,False,False,False,False,549.7151390404765,0.0,0.0,Bot/CVAttacker,1920,1080,1920,1080,bot,captcha3_success,captcha3
bot_session_1764095045970_b1cff15b,1764095048019,2048.9611625671387,24.70993995666504,mouseup,1078.5,274.0,0,0,1078.5,274.0,1078.5,274.0,0,0,False,False,False,False,0.0,0.0,0.0,Bot/CVAttacker,1920,1080,1920,1080,bot,captcha3_success,captcha3
bot_session_1764095073293_e37af28d,1764095075320,2027.4200439453125,2027.4200439453125,mousedown,1078.5,274.0,0,0,1078.5,274.0,1078.5,274.0,0,0,False,False,False,False,548.8559440917644,0.0,0.0,Bot/CVAttacker,1920,1080,1920,1080,bot,captcha3_success,captcha3
bot_session_1764095073293_e37af28d,1764095075345,2051.516056060791,24.096012115478516,mouseup,1078.5,274.0,0,0,1078.5,274.0,1078.5,274.0,0,0,False,False,False,False,0.0,0.0,0.0,Bot/CVAttacker,1920,1080,1920,1080,bot,captcha3_success,captcha3
bot_session_1764095099388_10d2f629,1764095101411,2022.6380825042725,2022.6380825042725,mousedown,734.5,274.0,0,0,734.5,274.0,734.5,274.0,0,0,False,False,False,False,387.5842970480307,0.0,0.0,Bot/CVAttacker,1920,1080,1920,1080,bot,captcha3_success,captcha3
bot_session_1764095099388_10d2f629,1764095101439,2050.232172012329,27.59408950805664,mouseup,734.5,274.0,0,0,734.5,274.0,734.5,274.0,0,0,False,False,False,False,0.0,0.0,0.0,Bot/CVAttacker,1920,1080,1920,1080,bot,captcha3_success,captcha3
bot_session_1764095126697_8f6b8adf,1764095128717,2020.6642150878906,2020.6642150878906,mousedown,391.5,274.0,0,0,391.5,274.0,391.5,274.0,0,0,False,False,False,False,236.48559588786932,0.0,0.0,Bot/CVAttacker,1920,1080,1920,1080,bot,captcha3_success,captcha3
bot_session_1764095126697_8f6b8adf,1764095128750,2052.9532432556152,32.28902816772461,mouseup,391.5,274.0,0,0,391.5,274.0,391.5,274.0,0,0,False,False,False,False,0.0,0.0,0.0,Bot/CVAttacker,1920,1080,1920,1080,bot,captcha3_success,captcha3
bot_session_1764095152786_5af5f743,1764095154810,2024.3940353393555,2024.3940353393555,mousedown,734.5,274.0,0,0,734.5,274.0,734.5,274.0,0,0,False,False,False,False,387.2481076830383,0.0,0.0,Bot/CVAttacker,1920,1080,1920,1080,bot,captcha3_success,captcha3
bot_session_1764095152786_5af5f743,1764095154837,2050.7147312164307,26.320695877075195,mouseup,734.5,274.0,0,0,734.5,274.0,734.5,274.0,0,0,False,False,False,False,0.0,0.0,0.0,Bot/CVAttacker,1920,1080,1920,1080,bot,captcha3_success,captcha3
bot_session_1764095178826_5914cbdf,1764095180850,2023.5068798065186,2023.5068798065186,mousedown,391.5,274.0,0,0,391.5,274.0,391.5,274.0,0,0,False,False,False,False,236.1533759845901,0.0,0.0,Bot/CVAttacker,1920,1080,1920,1080,bot,captcha3_success,captcha3
bot_session_1764095178826_5914cbdf,1764095180872,2045.605182647705,22.098302841186523,mouseup,391.5,274.0,0,0,391.5,274.0,391.5,274.0,0,0,False,False,False,False,0.0,0.0,0.0,Bot/CVAttacker,1920,1080,1920,1080,bot,captcha3_success,captcha3
bot_session_1764095204864_0f69da31,1764095206881,2016.9341564178467,2016.9341564178467,mousedown,1078.5,274.0,0,0,1078.5,274.0,1078.5,274.0,0,0,False,False,False,False,551.7094044688494,0.0,0.0,Bot/CVAttacker,1920,1080,1920,1080,bot,captcha3_success,captcha3
bot_session_1764095204864_0f69da31,1764095206899,2034.9831581115723,18.049001693725586,mouseup,1078.5,274.0,0,0,1078.5,274.0,1078.5,274.0,0,0,False,False,False,False,0.0,0.0,0.0,Bot/CVAttacker,1920,1080,1920,1080,bot,captcha3_success,captcha3
bot_session_1764095232150_99ca194c,1764095234162,2012.3326778411865,2012.3326778411865,mousedown,1078.5,274.0,0,0,1078.5,274.0,1078.5,274.0,0,0,False,False,False,False,552.9709647631088,0.0,0.0,Bot/CVAttacker,1920,1080,1920,1080,bot,captcha3_success,captcha3
bot_session_1764095232150_99ca194c,1764095234178,2027.8947353363037,15.562057495117188,mouseup,1078.5,274.0,0,0,1078.5,274.0,1078.5,274.0,0,0,False,False,False,False,0.0,0.0,0.0,Bot/CVAttacker,1920,1080,1920,1080,bot,captcha3_success,captcha3
bot_session_1764095259436_32e47ac9,1764095261458,2021.3251113891602,2021.3251113891602,mousedown,391.5,274.0,0,0,391.5,274.0,391.5,274.0,0,0,False,False,False,False,236.40827410784235,0.0,0.0,Bot/CVAttacker,1920,1080,1920,1080,bot,captcha3_success,captcha3
bot_session_1764095259436_32e47ac9,1764095261487,2050.33016204834,29.005050659179688,mouseup,391.5,274.0,0,0,391.5,274.0,391.5,274.0,0,0,False,False,False,False,0.0,0.0,0.0,Bot/CVAttacker,1920,1080,1920,1080,bot,captcha3_success,captcha3
bot_session_1764095285424_04f5fde1,1764095287439,2014.662742614746,2014.662742614746,mousedown,734.5,274.0,0,0,734.5,274.0,734.5,274.0,0,0,False,False,False,False,389.11860670662367,0.0,0.0,Bot/CVAttacker,1920,1080,1920,1080,bot,captcha3_success,captcha3
bot_session_1764095285424_04f5fde1,1764095287456,2031.5656661987305,16.902923583984375,mouseup,734.5,274.0,0,0,734.5,274.0,734.5,274.0,0,0,False,False,False,False,0.0,0.0,0.0,Bot/CVAttacker,1920,1080,1920,1080,bot,captcha3_success,captcha3
bot_session_1764095311461_6f6f35a1,1764095313485,2024.1949558258057,2024.1949558258057,mousedown,1078.5,274.0,0,0,1078.5,274.0,1078.5,274.0,0,0,False,False,False,False,549.7304195366896,0.0,0.0,Bot/CVAttacker,1920,1080,1920,1080,bot,captcha3_success,captcha3
bot_session_1764095311461_6f6f35a1,1764095313513,2052.4160861968994,28.22113037109375,mouseup,1078.5,274.0,0,0,1078.5,274.0,1078.5,274.0,0,0,False,False,False,False,0.0,0.0,0.0,Bot/CVAttacker,1920,1080,1920,1080,bot,captcha3_success,captcha3
bot_session_1764095338759_4cc09dde,1764095340781,2022.3569869995117,2022.3569869995117,mousedown,391.5,274.0,0,0,391.5,274.0,391.5,274.0,0,0,False,False,False,False,236.2876505316363,0.0,0.0,Bot/CVAttacker,1920,1080,1920,1080,bot,captcha3_success,captcha3
bot_session_1764095338759_4cc09dde,1764095340803,2043.8756942749023,21.518707275390625,mouseup,391.5,274.0,0,0,391.5,274.0,391.5,274.0,0,0,False,False,False,False,0.0,0.0,0.0,Bot/CVAttacker,1920,1080,1920,1080,bot,captcha3_success,captcha3
bot_session_1764095366073_2fb24c76,1764095368097,2024.3101119995117,2024.3101119995117,mousedown,1078.5,274.0,0,0,1078.5,274.0,1078.5,274.0,0,0,False,False,False,False,549.699147227517,0.0,0.0,Bot/CVAttacker,1920,1080,1920,1080,bot,captcha3_success,captcha3
bot_session_1764095366073_2fb24c76,1764095368124,2050.8930683135986,26.582956314086914,mouseup,1078.5,274.0,0,0,1078.5,274.0,1078.5,274.0,0,0,False,False,False,False,0.0,0.0,0.0,Bot/CVAttacker,1920,1080,1920,1080,bot,captcha3_success,captcha3
bot_session_1764095393330_0bdfc4db,1764095395341,2011.2438201904297,2011.2438201904297,mousedown,734.5,274.0,0,0,734.5,274.0,734.5,274.0,0,0,False,False,False,False,389.78007117792885,0.0,0.0,Bot/CVAttacker,1920,1080,1920,1080,bot,captcha3_success,captcha3
bot_session_1764095393330_0bdfc4db,1764095395359,2028.2838344573975,17.040014266967773,mouseup,734.5,274.0,0,0,734.5,274.0,734.5,274.0,0,0,False,False,False,False,0.0,0.0,0.0,Bot/CVAttacker,1920,1080,1920,1080,bot,captcha3_success,captcha3
bot_session_1764095419357_b5627641,1764095421379,2022.5310325622559,2022.5310325622559,mousedown,1078.5,274.0,0,0,1078.5,274.0,1078.5,274.0,0,0,False,False,False,False,550.1826792147967,0.0,0.0,Bot/CVAttacker,1920,1080,1920,1080,bot,captcha3_success,captcha3
bot_session_1764095419357_b5627641,1764095421407,2050.586938858032,28.055906295776367,mouseup,1078.5,274.0,0,0,1078.5,274.0,1078.5,274.0,0,0,False,False,False,False,0.0,0.0,0.0,Bot/CVAttacker,1920,1080,1920,1080,bot,captcha3_success,captcha3
bot_session_1764095446661_317471e6,1764095448683,2022.3801136016846,2022.3801136016846,mousedown,734.5,274.0,0,0,734.5,274.0,734.5,274.0,0,0,False,False,False,False,387.63373616934,0.0,0.0,Bot/CVAttacker,1920,1080,1920,1080,bot,captcha3_success,captcha3
bot_session_1764095446661_317471e6,1764095448709,2048.7658977508545,26.385784149169922,mouseup,734.5,274.0,0,0,734.5,274.0,734.5,274.0,0,0,False,False,False,False,0.0,0.0,0.0,Bot/CVAttacker,1920,1080,1920,1080,bot,captcha3_success,captcha3
bot_session_1764095472698_1a91c557,1764095474731,2033.1230163574219,2033.1230163574219,mousedown,734.5,274.0,0,0,734.5,274.0,734.5,274.0,0,0,False,False,False,False,385.58550224595876,0.0,0.0,Bot/CVAttacker,1920,1080,1920,1080,bot,captcha3_success,captcha3
bot_session_1764095472698_1a91c557,1764095474756,2058.197021484375,25.074005126953125,mouseup,734.5,274.0,0,0,734.5,274.0,734.5,274.0,0,0,False,False,False,False,0.0,0.0,0.0,Bot/CVAttacker,1920,1080,1920,1080,bot,captcha3_success,captcha3
bot_session_1764095498707_8ff53a5a,1764095500719,2012.308120727539,2012.308120727539,mousedown,1078.5,274.0,0,0,1078.5,274.0,1078.5,274.0,0,0,False,False,False,False,552.9777129199568,0.0,0.0,Bot/CVAttacker,1920,1080,1920,1080,bot,captcha3_success,captcha3
bot_session_1764095498707_8ff53a5a,1764095500734,2026.7152786254883,14.407157897949219,mouseup,1078.5,274.0,0,0,1078.5,274.0,1078.5,274.0,0,0,False,False,False,False,0.0,0.0,0.0,Bot/CVAttacker,1920,1080,1920,1080,bot,captcha3_success,captcha3
bot_session_1764095525979_138911c3,1764095528003,2023.4739780426025,2023.4739780426025,mousedown,391.5,274.0,0,0,391.5,274.0,391.5,274.0,0,0,False,False,False,False,236.1572158474739,0.0,0.0,Bot/CVAttacker,1920,1080,1920,1080,bot,captcha3_success,captcha3
bot_session_1764095525979_138911c3,1764095528028,2048.8128662109375,25.33888816833496,mouseup,391.5,274.0,0,0,391.5,274.0,391.5,274.0,0,0,False,False,False,False,0.0,0.0,0.0,Bot/CVAttacker,1920,1080,1920,1080,bot,captcha3_success,captcha3
bot_session_1764095552043_96f49c9b,1764095554056,2012.7007961273193,2012.7007961273193,mousedown,1078.5,274.0,0,0,1078.5,274.0,1078.5,274.0,0,0,False,False,False,False,552.8698276620446,0.0,0.0,Bot/CVAttacker,1920,1080,1920,1080,bot,captcha3_success,captcha3
bot_session_1764095552043_96f49c9b,1764095554071,2027.5259017944336,14.825105667114258,mouseup,1078.5,274.0,0,0,1078.5,274.0,1078.5,274.0,0,0,False,False,False,False,0.0,0.0,0.0,Bot/CVAttacker,1920,1080,1920,1080,bot,captcha3_success,captcha3
bot_session_1764095579366_f98579a4,1764095581389,2023.1642723083496,2023.1642723083496,mousedown,391.5,274.0,0,0,391.5,274.0,391.5,274.0,0,0,False,False,False,False,236.19336676459628,0.0,0.0,Bot/CVAttacker,1920,1080,1920,1080,bot,captcha3_success,captcha3
bot_session_1764095579366_f98579a4,1764095581415,2049.704074859619,26.53980255126953,mouseup,391.5,274.0,0,0,391.5,274.0,391.5,274.0,0,0,False,False,False,False,0.0,0.0,0.0,Bot/CVAttacker,1920,1080,1920,1080,bot,captcha3_success,captcha3
bot_session_1764095605452_cb20dc0f,1764095607474,2022.6237773895264,2022.6237773895264,mousedown,391.5,274.0,0,0,391.5,274.0,391.5,274.0,0,0,False,False,False,False,236.25648345294096,0.0,0.0,Bot/CVAttacker,1920,1080,1920,1080,bot,captcha3_success,captcha3
bot_session_1764095605452_cb20dc0f,1764095607502,2050.72283744812,28.09906005859375,mouseup,391.5,274.0,0,0,391.5,274.0,391.5,274.0,0,0,False,False,False,False,0.0,0.0,0.0,Bot/CVAttacker,1920,1080,1920,1080,bot,captcha3_success,captcha3
bot_session_1764095632827_d541b352,1764095634846,2018.542766571045,2018.542766571045,mousedown,734.5,274.0,0,0,734.5,274.0,734.5,274.0,0,0,False,False,False,False,388.370646573766,0.0,0.0,Bot/CVAttacker,1920,1080,1920,1080,bot,captcha3_success,captcha3
bot_session_1764095632827_d541b352,1764095634865,2037.8539562225342,19.311189651489258,mouseup,734.5,274.0,0,0,734.5,274.0,734.5,274.0,0,0,False,False,False,False,0.0,0.0,0.0,Bot/CVAttacker,1920,1080,1920,1080,bot,captcha3_success,captcha3
bot_session_1764095660156_868a5572,1764095662178,2022.9301452636719,2022.9301452636719,mousedown,1078.5,274.0,0,0,1078.5,274.0,1078.5,274.0,0,0,False,False,False,False,550.0741312770995,0.0,0.0,Bot/CVAttacker,1920,1080,1920,1080,bot,captcha3_success,captcha3
bot_session_1764095660156_868a5572,1764095662221,2065.5622482299805,42.632102966308594,mouseup,1078.5,274.0,0,0,1078.5,274.0,1078.5,274.0,0,0,False,False,False,False,0.0,0.0,0.0,Bot/CVAttacker,1920,1080,1920,1080,bot,captcha3_success,captcha3
bot_session_1764095687451_d409513c,1764095689472,2021.0731029510498,2021.0731029510498,mousedown,734.5,274.0,0,0,734.5,274.0,734.5,274.0,0,0,False,False,False,False,387.8844155836466,0.0,0.0,Bot/CVAttacker,1920,1080,1920,1080,bot,captcha3_success,captcha3
bot_session_1764095687451_d409513c,1764095689492,2041.4018630981445,20.328760147094727,mouseup,734.5,274.0,0,0,734.5,274.0,734.5,274.0,0,0,False,False,False,False,0.0,0.0,0.0,Bot/CVAttacker,1920,1080,1920,1080,bot,captcha3_success,captcha3
bot_session_1764095713492_280a5d61,1764095715515,2022.615909576416,2022.615909576416,mousedown,391.5,274.0,0,0,391.5,274.0,391.5,274.0,0,0,False,False,False,False,236.2574024716479,0.0,0.0,Bot/CVAttacker,1920,1080,1920,1080,bot,captcha3_success,captcha3
bot_session_1764095713492_280a5d61,1764095715541,2049.010992050171,26.395082473754883,mouseup,391.5,274.0,0,0,391.5,274.0,391.5,274.0,0,0,False,False,False,False,0.0,0.0,0.0,Bot/CVAttacker,1920,1080,1920,1080,bot,captcha3_success,captcha3
bot_session_1764095739522_4a3674f0,1764095741535,2012.4070644378662,2012.4070644378662,mousedown,1078.5,274.0,0,0,1078.5,274.0,1078.5,274.0,0,0,False,False,False,False,552.9505247493272,0.0,0.0,Bot/CVAttacker,1920,1080,1920,1080,bot,captcha3_success,captcha3
bot_session_1764095739522_4a3674f0,1764095741549,2026.6339778900146,14.226913452148438,mouseup,1078.5,274.0,0,0,1078.5,274.0,1078.5,274.0,0,0,False,False,False,False,0.0,0.0,0.0,Bot/CVAttacker,1920,1080,1920,1080,bot,captcha3_success,captcha3
bot_session_1764095766811_f43167f9,1764095768835,2023.231029510498,2023.231029510498,mousedown,734.5,274.0,0,0,734.5,274.0,734.5,274.0,0,0,False,False,False,False,387.4707079693528,0.0,0.0,Bot/CVAttacker,1920,1080,1920,1080,bot,captcha3_success,captcha3
bot_session_1764095766811_f43167f9,1764095768861,2049.3381023406982,26.107072830200195,mouseup,734.5,274.0,0,0,734.5,274.0,734.5,274.0,0,0,False,False,False,False,0.0,0.0,0.0,Bot/CVAttacker,1920,1080,1920,1080,bot,captcha3_success,captcha3
bot_session_1764095792903_69062e30,1764095794926,2022.718906402588,2022.718906402588,mousedown,391.5,274.0,0,0,391.5,274.0,391.5,274.0,0,0,False,False,False,False,236.2453722471134,0.0,0.0,Bot/CVAttacker,1920,1080,1920,1080,bot,captcha3_success,captcha3
bot_session_1764095792903_69062e30,1764095794955,2051.325798034668,28.606891632080078,mouseup,391.5,274.0,0,0,391.5,274.0,391.5,274.0,0,0,False,False,False,False,0.0,0.0,0.0,Bot/CVAttacker,1920,1080,1920,1080,bot,captcha3_success,captcha3
bot_session_1764095820254_b963d2ef,1764095822276,2021.7390060424805,2021.7390060424805,mousedown,1078.5,274.0,0,0,1078.5,274.0,1078.5,274.0,0,0,False,False,False,False,550.3982160725992,0.0,0.0,Bot/CVAttacker,1920,1080,1920,1080,bot,captcha3_success,captcha3
bot_session_1764095820254_b963d2ef,1764095822296,2041.593313217163,19.854307174682617,mouseup,1078.5,274.0,0,0,1078.5,274.0,1078.5,274.0,0,0,False,False,False,False,0.0,0.0,0.0,Bot/CVAttacker,1920,1080,1920,1080,bot,captcha3_success,captcha3
bot_session_1764095847576_56996b6e,1764095849606,2029.2370319366455,2029.2370319366455,mousedown,391.5,274.0,0,0,391.5,274.0,391.5,274.0,0,0,False,False,False,False,235.48652694273946,0.0,0.0,Bot/CVAttacker,1920,1080,1920,1080,bot,captcha3_success,captcha3
bot_session_1764095847576_56996b6e,1764095849630,2053.294897079468,24.057865142822266,mouseup,391.5,274.0,0,0,391.5,274.0,391.5,274.0,0,0,False,False,False,False,0.0,0.0,0.0,Bot/CVAttacker,1920,1080,1920,1080,bot,captcha3_success,captcha3
bot_session_1764095874858_3b9aea44,1764095876873,2015.0220394134521,2015.0220394134521,mousedown,1078.5,274.0,0,0,1078.5,274.0,1078.5,274.0,0,0,False,False,False,False,552.2329386601062,0.0,0.0,Bot/CVAttacker,1920,1080,1920,1080,bot,captcha3_success,captcha3
bot_session_1764095874858_3b9aea44,1764095876896,2037.2819900512695,22.259950637817383,mouseup,1078.5,274.0,0,0,1078.5,274.0,1078.5,274.0,0,0,False,False,False,False,0.0,0.0,0.0,Bot/CVAttacker,1920,1080,1920,1080,bot,captcha3_success,captcha3
bot_session_1764095900894_4135bcab,1764095902920,2026.3516902923584,2026.3516902923584,mousedown,734.5,274.0,0,0,734.5,274.0,734.5,274.0,0,0,False,False,False,False,386.87398793883074,0.0,0.0,Bot/CVAttacker,1920,1080,1920,1080,bot,captcha3_success,captcha3
bot_session_1764095900894_4135bcab,1764095902945,2051.2969493865967,24.94525909423828,mouseup,734.5,274.0,0,0,734.5,274.0,734.5,274.0,0,0,False,False,False,False,0.0,0.0,0.0,Bot/CVAttacker,1920,1080,1920,1080,bot,captcha3_success,captcha3
bot_session_1764095928199_a6e9cc95,1764095930220,2021.745204925537,2021.745204925537,mousedown,391.5,274.0,0,0,391.5,274.0,391.5,274.0,0,0,False,False,False,False,236.35915140550736,0.0,0.0,Bot/CVAttacker,1920,1080,1920,1080,bot,captcha3_success,captcha3
bot_session_1764095928199_a6e9cc95,1764095930241,2042.5431728363037,20.7979679107666,mouseup,391.5,274.0,0,0,391.5,274.0,391.5,274.0,0,0,False,False,False,False,0.0,0.0,0.0,Bot/CVAttacker,1920,1080,1920,1080,bot,captcha3_success,captcha3
bot_session_1764095955490_e540d762,1764095957515,2024.468183517456,2024.468183517456,mousedown,391.5,274.0,0,0,391.5,274.0,391.5,274.0,0,0,False,False,False,False,236.0412403044482,0.0,0.0,Bot/CVAttacker,1920,1080,1920,1080,bot,captcha3_success,captcha3
bot_session_1764095955490_e540d762,1764095957544,2053.985118865967,29.516935348510742,mouseup,391.5,274.0,0,0,391.5,274.0,391.5,274.0,0,0,False,False,False,False,0.0,0.0,0.0,Bot/CVAttacker,1920,1080,1920,1080,bot,captcha3_success,captcha3
bot_session_1764095982826_ba1321f9,1764095984853,2027.4922847747803,2027.4922847747803,mousedown,734.5,274.0,0,0,734.5,274.0,734.5,274.0,0,0,False,False,False,False,386.65634650100674,0.0,0.0,Bot/CVAttacker,1920,1080,1920,1080,bot,captcha3_success,captcha3
bot_session_1764095982826_ba1321f9,1764095984878,2051.706314086914,24.21402931213379,mouseup,734.5,274.0,0,0,734.5,274.0,734.5,274.0,0,0,False,False,False,False,0.0,0.0,0.0,Bot/CVAttacker,1920,1080,1920,1080,bot,captcha3_success,captcha3
bot_session_1764096008831_3c8c9407,1764096010843,2012.7079486846924,2012.7079486846924,mousedown,1078.5,274.0,0,0,1078.5,274.0,1078.5,274.0,0,0,False,False,False,False,552.8678629293249,0.0,0.0,Bot/CVAttacker,1920,1080,1920,1080,bot,captcha3_success,captcha3
bot_session_1764096008831_3c8c9407,1764096010858,2027.2250175476074,14.517068862915039,mouseup,1078.5,274.0,0,0,1078.5,274.0,1078.5,274.0,0,0,False,False,False,False,0.0,0.0,0.0,Bot/CVAttacker,1920,1080,1920,1080,bot,captcha3_success,captcha3
bot_session_1764096034851_d17b420f,1764096036875,2023.8499641418457,2023.8499641418457,mousedown,391.5,274.0,0,0,391.5,274.0,391.5,274.0,0,0,False,False,False,False,236.1133431138386,0.0,0.0,Bot/CVAttacker,1920,1080,1920,1080,bot,captcha3_success,captcha3
bot_session_1764096034851_d17b420f,1764096036898,2047.0726490020752,23.222684860229492,mouseup,391.5,274.0,0,0,391.5,274.0,391.5,274.0,0,0,False,False,False,False,0.0,0.0,0.0,Bot/CVAttacker,1920,1080,1920,1080,bot,captcha3_success,captcha3
bot_session_1764096060843_7a9577ee,1764096062863,2020.16282081604,2020.16282081604,mousedown,391.5,274.0,0,0,391.5,274.0,391.5,274.0,0,0,False,False,False,False,236.5442904257212,0.0,0.0,Bot/CVAttacker,1920,1080,1920,1080,bot,captcha3_success,captcha3
bot_session_1764096060843_7a9577ee,1764096062880,2037.0748043060303,16.911983489990234,mouseup,391.5,274.0,0,0,391.5,274.0,391.5,274.0,0,0,False,False,False,False,0.0,0.0,0.0,Bot/CVAttacker,1920,1080,1920,1080,bot,captcha3_success,captcha3
bot_session_1764096088208_d488b015,1764096090231,2023.0908393859863,2023.0908393859863,mousedown,391.5,274.0,0,0,391.5,274.0,391.5,274.0,0,0,False,False,False,False,236.20193996794765,0.0,0.0,Bot/CVAttacker,1920,1080,1920,1080,bot,captcha3_success,captcha3
bot_session_1764096088208_d488b015,1764096090258,2050.33278465271,27.241945266723633,mouseup,391.5,274.0,0,0,391.5,274.0,391.5,274.0,0,0,False,False,False,False,0.0,0.0,0.0,Bot/CVAttacker,1920,1080,1920,1080,bot,captcha3_success,captcha3
bot_session_1764096114252_b11488de,1764096116265,2012.096881866455,2012.096881866455,mousedown,734.5,274.0,0,0,734.5,274.0,734.5,274.0,0,0,False,False,False,False,389.61481748473096,0.0,0.0,Bot/CVAttacker,1920,1080,1920,1080,bot,captcha3_success,captcha3
bot_session_1764096114252_b11488de,1764096116280,2027.1589756011963,15.062093734741211,mouseup,734.5,274.0,0,0,734.5,274.0,734.5,274.0,0,0,False,False,False,False,0.0,0.0,0.0,Bot/CVAttacker,1920,1080,1920,1080,bot,captcha3_success,captcha3
bot_session_1764096140270_e6f032a3,1764096142294,2023.8230228424072,2023.8230228424072,mousedown,1078.5,274.0,0,0,1078.5,274.0,1078.5,274.0,0,0,False,False,False,False,549.8314475775289,0.0,0.0,Bot/CVAttacker,1920,1080,1920,1080,bot,captcha3_success,captcha3
bot_session_1764096140270_e6f032a3,1764096142322,2051.297903060913,27.47488021850586,mouseup,1078.5,274.0,0,0,1078.5,274.0,1078.5,274.0,0,0,False,False,False,False,0.0,0.0,0.0,Bot/CVAttacker,1920,1080,1920,1080,bot,captcha3_success,captcha3
bot_session_1764096166290_adbdbcca,1764096168311,2020.6778049468994,2020.6778049468994,mousedown,734.5,274.0,0,0,734.5,274.0,734.5,274.0,0,0,False,False,False,False,387.9602960307649,0.0,0.0,Bot/CVAttacker,1920,1080,1920,1080,bot,captcha3_success,captcha3
bot_session_1764096166290_adbdbcca,1764096168327,2036.9837284088135,16.305923461914062,mouseup,734.5,274.0,0,0,734.5,274.0,734.5,274.0,0,0,False,False,False,False,0.0,0.0,0.0,Bot/CVAttacker,1920,1080,1920,1080,bot,captcha3_success,captcha3
bot_session_1764096192401_00ff125f,1764096194427,2025.791883468628,2025.791883468628,mousedown,734.5,274.0,0,0,734.5,274.0,734.5,274.0,0,0,False,False,False,False,386.9808966001495,0.0,0.0,Bot/CVAttacker,1920,1080,1920,1080,bot,captcha3_success,captcha3
bot_session_1764096192401_00ff125f,1764096194453,2052.1111488342285,26.319265365600586,mouseup,734.5,274.0,0,0,734.5,274.0,734.5,274.0,0,0,False,False,False,False,0.0,0.0,0.0,Bot/CVAttacker,1920,1080,1920,1080,bot,captcha3_success,captcha3
bot_session_1764096218497_5a957eb7,1764096220525,2028.0308723449707,2028.0308723449707,mousedown,734.5,274.0,0,0,734.5,274.0,734.5,274.0,0,0,False,False,False,False,386.55366152465825,0.0,0.0,Bot/CVAttacker,1920,1080,1920,1080,bot,captcha3_success,captcha3
bot_session_1764096218497_5a957eb7,1764096220550,2053.236961364746,25.20608901977539,mouseup,734.5,274.0,0,0,734.5,274.0,734.5,274.0,0,0,False,False,False,False,0.0,0.0,0.0,Bot/CVAttacker,1920,1080,1920,1080,bot,captcha3_success,captcha3
bot_session_1764096244611_eac4491e,1764096246636,2024.8658657073975,2024.8658657073975,mousedown,391.5,274.0,0,0,391.5,274.0,391.5,274.0,0,0,False,False,False,False,235.99488197575565,0.0,0.0,Bot/CVAttacker,1920,1080,1920,1080,bot,captcha3_success,captcha3
bot_session_1764096244611_eac4491e,1764096246659,2047.9111671447754,23.04530143737793,mouseup,391.5,274.0,0,0,391.5,274.0,391.5,274.0,0,0,False,False,False,False,0.0,0.0,0.0,Bot/CVAttacker,1920,1080,1920,1080,bot,captcha3_success,captcha3
bot_session_1764096270659_2e5f87f4,1764096272686,2027.6060104370117,2027.6060104370117,mousedown,1078.5,274.0,0,0,1078.5,274.0,1078.5,274.0,0,0,False,False,False,False,548.8056045219241,0.0,0.0,Bot/CVAttacker,1920,1080,1920,1080,bot,captcha3_success,captcha3
bot_session_1764096270659_2e5f87f4,1764096272712,2053.6389350891113,26.03292465209961,mouseup,1078.5,274.0,0,0,1078.5,274.0,1078.5,274.0,0,0,False,False,False,False,0.0,0.0,0.0,Bot/CVAttacker,1920,1080,1920,1080,bot,captcha3_success,captcha3
bot_session_1764096297994_e0c8f268,1764096300019,2024.6520042419434,2024.6520042419434,mousedown,1078.5,274.0,0,0,1078.5,274.0,1078.5,274.0,0,0,False,False,False,False,549.6063224488812,0.0,0.0,Bot/CVAttacker,1920,1080,1920,1080,bot,captcha3_success,captcha3
bot_session_1764096297994_e0c8f268,1764096300045,2050.365924835205,25.71392059326172,mouseup,1078.5,274.0,0,0,1078.5,274.0,1078.5,274.0,0,0,False,False,False,False,0.0,0.0,0.0,Bot/CVAttacker,1920,1080,1920,1080,bot,captcha3_success,captcha3
bot_session_1764096325312_8f2717fe,1764096327334,2021.806001663208,2021.806001663208,mousedown,391.5,274.0,0,0,391.5,274.0,391.5,274.0,0,0,False,False,False,False,236.35204396527212,0.0,0.0,Bot/CVAttacker,1920,1080,1920,1080,bot,captcha3_success,captcha3
bot_session_1764096325312_8f2717fe,1764096327354,2042.6318645477295,20.825862884521484,mouseup,391.5,274.0,0,0,391.5,274.0,391.5,274.0,0,0,False,False,False,False,0.0,0.0,0.0,Bot/CVAttacker,1920,1080,1920,1080,bot,captcha3_success,captcha3
bot_session_1764096352659_fd5e3637,1764096354681,2022.2179889678955,2022.2179889678955,mousedown,1078.5,274.0,0,0,1078.5,274.0,1078.5,274.0,0,0,False,False,False,False,550.2678486497417,0.0,0.0,Bot/CVAttacker,1920,1080,1920,1080,bot,captcha3_success,captcha3
bot_session_1764096352659_fd5e3637,1764096354707,2048.0101108551025,25.79212188720703,mouseup,1078.5,274.0,0,0,1078.5,274.0,1078.5,274.0,0,0,False,False,False,False,0.0,0.0,0.0,Bot/CVAttacker,1920,1080,1920,1080,bot,captcha3_success,captcha3
bot_session_1764096378687_b9f8f0e2,1764096380699,2012.0768547058105,2012.0768547058105,mousedown,391.5,274.0,0,0,391.5,274.0,391.5,274.0,0,0,False,False,False,False,237.4948948280716,0.0,0.0,Bot/CVAttacker,1920,1080,1920,1080,bot,captcha3_success,captcha3
bot_session_1764096378687_b9f8f0e2,1764096380713,2026.3538360595703,14.276981353759766,mouseup,391.5,274.0,0,0,391.5,274.0,391.5,274.0,0,0,False,False,False,False,0.0,0.0,0.0,Bot/CVAttacker,1920,1080,1920,1080,bot,captcha3_success,captcha3
bot_session_1764096405980_83040d30,1764096407998,2018.2149410247803,2018.2149410247803,mousedown,391.5,274.0,0,0,391.5,274.0,391.5,274.0,0,0,False,False,False,False,236.77259110554087,0.0,0.0,Bot/CVAttacker,1920,1080,1920,1080,bot,captcha3_success,captcha3
bot_session_1764096405980_83040d30,1764096408018,2037.8007888793945,19.585847854614258,mouseup,391.5,274.0,0,0,391.5,274.0,391.5,274.0,0,0,False,False,False,False,0.0,0.0,0.0,Bot/CVAttacker,1920,1080,1920,1080,bot,captcha3_success,captcha3
bot_session_1764096433229_074ddcbd,1764096435244,2015.0790214538574,2015.0790214538574,mousedown,734.5,274.0,0,0,734.5,274.0,734.5,274.0,0,0,False,False,False,False,389.0382218481879,0.0,0.0,Bot/CVAttacker,1920,1080,1920,1080,bot,captcha3_success,captcha3
bot_session_1764096433229_074ddcbd,1764096435259,2030.2708148956299,15.191793441772461,mouseup,734.5,274.0,0,0,734.5,274.0,734.5,274.0,0,0,False,False,False,False,0.0,0.0,0.0,Bot/CVAttacker,1920,1080,1920,1080,bot,captcha3_success,captcha3
bot_session_1764096460526_3e0345fe,1764096462551,2024.5578289031982,2024.5578289031982,mousedown,1078.5,274.0,0,0,1078.5,274.0,1078.5,274.0,0,0,False,False,False,False,549.6318882098855,0.0,0.0,Bot/CVAttacker,1920,1080,1920,1080,bot,captcha3_success,captcha3
bot_session_1764096460526_3e0345fe,1764096462570,2043.5237884521484,18.965959548950195,mouseup,1078.5,274.0,0,0,1078.5,274.0,1078.5,274.0,0,0,False,False,False,False,0.0,0.0,0.0,Bot/CVAttacker,1920,1080,1920,1080,bot,captcha3_success,captcha3
bot_session_1764096487848_296256c9,1764096489875,2026.900291442871,2026.900291442871,mousedown,1078.5,274.0,0,0,1078.5,274.0,1078.5,274.0,0,0,False,False,False,False,548.9966857215455,0.0,0.0,Bot/CVAttacker,1920,1080,1920,1080,bot,captcha3_success,captcha3
bot_session_1764096487848_296256c9,1764096489900,2051.9442558288574,25.043964385986328,mouseup,1078.5,274.0,0,0,1078.5,274.0,1078.5,274.0,0,0,False,False,False,False,0.0,0.0,0.0,Bot/CVAttacker,1920,1080,1920,1080,bot,captcha3_success,captcha3
bot_session_1764096515169_a49c2610,1764096517181,2011.786937713623,2011.786937713623,mousedown,1078.5,274.0,0,0,1078.5,274.0,1078.5,274.0,0,0,False,False,False,False,553.1209699347258,0.0,0.0,Bot/CVAttacker,1920,1080,1920,1080,bot,captcha3_success,captcha3
bot_session_1764096515169_a49c2610,1764096517194,2025.5961418151855,13.8092041015625,mouseup,1078.5,274.0,0,0,1078.5,274.0,1078.5,274.0,0,0,False,False,False,False,0.0,0.0,0.0,Bot/CVAttacker,1920,1080,1920,1080,bot,captcha3_success,captcha3
bot_session_1764096542469_3858ca84,1764096544488,2018.5089111328125,2018.5089111328125,mousedown,391.5,274.0,0,0,391.5,274.0,391.5,274.0,0,0,False,False,False,False,236.73810819402013,0.0,0.0,Bot/CVAttacker,1920,1080,1920,1080,bot,captcha3_success,captcha3
bot_session_1764096542469_3858ca84,1764096544509,2039.6578311920166,21.1489200592041,mouseup,391.5,274.0,0,0,391.5,274.0,391.5,274.0,0,0,False,False,False,False,0.0,0.0,0.0,Bot/CVAttacker,1920,1080,1920,1080,bot,captcha3_success,captcha3
bot_session_1764096569779_76aa48e7,1764096571809,2030.043125152588,2030.043125152588,mousedown,391.5,274.0,0,0,391.5,274.0,391.5,274.0,0,0,False,False,False,False,235.3930195243687,0.0,0.0,Bot/CVAttacker,1920,1080,1920,1080,bot,captcha3_success,captcha3
bot_session_1764096569779_76aa48e7,1764096571833,2054.4490814208984,24.405956268310547,mouseup,391.5,274.0,0,0,391.5,274.0,391.5,274.0,0,0,False,False,False,False,0.0,0.0,0.0,Bot/CVAttacker,1920,1080,1920,1080,bot,captcha3_success,captcha3
bot_session_1764096597177_237b38e1,1764096599206,2028.6459922790527,2028.6459922790527,mousedown,391.5,274.0,0,0,391.5,274.0,391.5,274.0,0,0,False,False,False,False,235.5551352049901,0.0,0.0,Bot/CVAttacker,1920,1080,1920,1080,bot,captcha3_success,captcha3
bot_session_1764096597177_237b38e1,1764096599233,2055.5849075317383,26.938915252685547,mouseup,391.5,274.0,0,0,391.5,274.0,391.5,274.0,0,0,False,False,False,False,0.0,0.0,0.0,Bot/CVAttacker,1920,1080,1920,1080,bot,captcha3_success,captcha3
bot_session_1764096624575_224ecd6a,1764096626608,2033.2920551300049,2033.2920551300049,mousedown,391.5,274.0,0,0,391.5,274.0,391.5,274.0,0,0,False,False,False,False,235.01689282103658,0.0,0.0,Bot/CVAttacker,1920,1080,1920,1080,bot,captcha3_success,captcha3
bot_session_1764096624575_224ecd6a,1764096626630,2054.8479557037354,21.55590057373047,mouseup,391.5,274.0,0,0,391.5,274.0,391.5,274.0,0,0,False,False,False,False,0.0,0.0,0.0,Bot/CVAttacker,1920,1080,1920,1080,bot,captcha3_success,captcha3
bot_session_1764096650678_b7236bfb,1764096652710,2032.5028896331787,2032.5028896331787,mousedown,391.5,274.0,0,0,391.5,274.0,391.5,274.0,0,0,False,False,False,False,235.10814347752108,0.0,0.0,Bot/CVAttacker,1920,1080,1920,1080,bot,captcha3_success,captcha3
bot_session_1764096650678_b7236bfb,1764096652735,2057.523012161255,25.020122528076172,mouseup,391.5,274.0,0,0,391.5,274.0,391.5,274.0,0,0,False,False,False,False,0.0,0.0,0.0,Bot/CVAttacker,1920,1080,1920,1080,bot,captcha3_success,captcha3
bot_session_1764096678131_7b763334,1764096680161,2030.060052871704,2030.060052871704,mousedown,734.5,274.0,0,0,734.5,274.0,734.5,274.0,0,0,False,False,False,False,386.16727533800645,0.0,0.0,Bot/CVAttacker,1920,1080,1920,1080,bot,captcha3_success,captcha3
bot_session_1764096678131_7b763334,1764096680188,2057.5459003448486,27.48584747314453,mouseup,734.5,274.0,0,0,734.5,274.0,734.5,274.0,0,0,False,False,False,False,0.0,0.0,0.0,Bot/CVAttacker,1920,1080,1920,1080,bot,captcha3_success,captcha3
bot_session_1764096704286_3d306ee4,1764096706314,2028.1658172607422,2028.1658172607422,mousedown,391.5,274.0,0,0,391.5,274.0,391.5,274.0,0,0,False,False,False,False,235.61090366849422,0.0,0.0,Bot/CVAttacker,1920,1080,1920,1080,bot,captcha3_success,captcha3
bot_session_1764096704286_3d306ee4,1764096706341,2055.062770843506,26.896953582763672,mouseup,391.5,274.0,0,0,391.5,274.0,391.5,274.0,0,0,False,False,False,False,0.0,0.0,0.0,Bot/CVAttacker,1920,1080,1920,1080,bot,captcha3_success,captcha3
bot_session_1764096731724_73e7c631,1764096733742,2017.2479152679443,2017.2479152679443,mousedown,734.5,274.0,0,0,734.5,274.0,734.5,274.0,0,0,False,False,False,False,388.6199378155593,0.0,0.0,Bot/CVAttacker,1920,1080,1920,1080,bot,captcha3_success,captcha3
bot_session_1764096731724_73e7c631,1764096733755,2030.6711196899414,13.42320442199707,mouseup,734.5,274.0,0,0,734.5,274.0,734.5,274.0,0,0,False,False,False,False,0.0,0.0,0.0,Bot/CVAttacker,1920,1080,1920,1080,bot,captcha3_success,captcha3
bot_session_1764096759162_d4a47d85,1764096761192,2030.2071571350098,2030.2071571350098,mousedown,391.5,274.0,0,0,391.5,274.0,391.5,274.0,0,0,False,False,False,False,235.37400078359383,0.0,0.0,Bot/CVAttacker,1920,1080,1920,1080,bot,captcha3_success,captcha3
bot_session_1764096759162_d4a47d85,1764096761219,2056.345224380493,26.1380672454834,mouseup,391.5,274.0,0,0,391.5,274.0,391.5,274.0,0,0,False,False,False,False,0.0,0.0,0.0,Bot/CVAttacker,1920,1080,1920,1080,bot,captcha3_success,captcha3
bot_session_1764096785345_6b79059c,1764096787374,2029.120922088623,2029.120922088623,mousedown,391.5,274.0,0,0,391.5,274.0,391.5,274.0,0,0,False,False,False,False,235.50000189366872,0.0,0.0,Bot/CVAttacker,1920,1080,1920,1080,bot,captcha3_success,captcha3
bot_session_1764096785345_6b79059c,1764096787400,2055.2849769592285,26.16405487060547,mouseup,391.5,274.0,0,0,391.5,274.0,391.5,274.0,0,0,False,False,False,False,0.0,0.0,0.0,Bot/CVAttacker,1920,1080,1920,1080,bot,captcha3_success,captcha3
bot_session_1764096812759_fe2182e7,1764096814777,2017.329216003418,2017.329216003418,mousedown,391.5,274.0,0,0,391.5,274.0,391.5,274.0,0,0,False,False,False,False,236.87654806340936,0.0,0.0,Bot/CVAttacker,1920,1080,1920,1080,bot,captcha3_success,captcha3
bot_session_1764096812759_fe2182e7,1764096814791,2031.445026397705,14.11581039428711,mouseup,391.5,274.0,0,0,391.5,274.0,391.5,274.0,0,0,False,False,False,False,0.0,0.0,0.0,Bot/CVAttacker,1920,1080,1920,1080,bot,captcha3_success,captcha3
bot_session_1764096840169_8f09d112,1764096842199,2030.289888381958,2030.289888381958,mousedown,391.5,274.0,0,0,391.5,274.0,391.5,274.0,0,0,False,False,False,False,235.3644096485074,0.0,0.0,Bot/CVAttacker,1920,1080,1920,1080,bot,captcha3_success,captcha3
bot_session_1764096840169_8f09d112,1764096842221,2052.0641803741455,21.7742919921875,mouseup,391.5,274.0,0,0,391.5,274.0,391.5,274.0,0,0,False,False,False,False,0.0,0.0,0.0,Bot/CVAttacker,1920,1080,1920,1080,bot,captcha3_success,captcha3
bot_session_1764096866324_327bb48f,1764096868340,2016.0548686981201,2016.0548686981201,mousedown,391.5,274.0,0,0,391.5,274.0,391.5,274.0,0,0,False,False,False,False,237.0262776146233,0.0,0.0,Bot/CVAttacker,1920,1080,1920,1080,bot,captcha3_success,captcha3
bot_session_1764096866324_327bb48f,1764096868359,2034.735918045044,18.681049346923828,mouseup,391.5,274.0,0,0,391.5,274.0,391.5,274.0,0,0,False,False,False,False,0.0,0.0,0.0,Bot/CVAttacker,1920,1080,1920,1080,bot,captcha3_success,captcha3
bot_session_1764096893706_4e28c97d,1764096895735,2029.4520854949951,2029.4520854949951,mousedown,734.5,274.0,0,0,734.5,274.0,734.5,274.0,0,0,False,False,False,False,386.28296030885946,0.0,0.0,Bot/CVAttacker,1920,1080,1920,1080,bot,captcha3_success,captcha3
bot_session_1764096893706_4e28c97d,1764096895764,2057.7189922332764,28.26690673828125,mouseup,734.5,274.0,0,0,734.5,274.0,734.5,274.0,0,0,False,False,False,False,0.0,0.0,0.0,Bot/CVAttacker,1920,1080,1920,1080,bot,captcha3_success,captcha3
bot_session_1764096919854_8dad74db,1764096921883,2028.2001495361328,2028.2001495361328,mousedown,391.5,274.0,0,0,391.5,274.0,391.5,274.0,0,0,False,False,False,False,235.60691537452252,0.0,0.0,Bot/CVAttacker,1920,1080,1920,1080,bot,captcha3_success,captcha3
bot_session_1764096919854_8dad74db,1764096921909,2054.5101165771484,26.309967041015625,mouseup,391.5,274.0,0,0,391.5,274.0,391.5,274.0,0,0,False,False,False,False,0.0,0.0,0.0,Bot/CVAttacker,1920,1080,1920,1080,bot,captcha3_success,captcha3
bot_session_1764096946009_a4f461b9,1764096948038,2028.1710624694824,2028.1710624694824,mousedown,734.5,274.0,0,0,734.5,274.0,734.5,274.0,0,0,False,False,False,False,386.52694237510406,0.0,0.0,Bot/CVAttacker,1920,1080,1920,1080,bot,captcha3_success,captcha3
bot_session_1764096946009_a4f461b9,1764096948064,2054.537296295166,26.366233825683594,mouseup,734.5,274.0,0,0,734.5,274.0,734.5,274.0,0,0,False,False,False,False,0.0,0.0,0.0,Bot/CVAttacker,1920,1080,1920,1080,bot,captcha3_success,captcha3
bot_session_1764096973461_9c24e001,1764096975488,2026.9508361816406,2026.9508361816406,mousedown,391.5,274.0,0,0,391.5,274.0,391.5,274.0,0,0,False,False,False,False,235.75213195330377,0.0,0.0,Bot/CVAttacker,1920,1080,1920,1080,bot,captcha3_success,captcha3
bot_session_1764096973461_9c24e001,1764096975511,2049.909830093384,22.958993911743164,mouseup,391.5,274.0,0,0,391.5,274.0,391.5,274.0,0,0,False,False,False,False,0.0,0.0,0.0,Bot/CVAttacker,1920,1080,1920,1080,bot,captcha3_success,captcha3
bot_session_1764096999548_eebbfeb4,1764097001571,2023.1621265411377,2023.1621265411377,mousedown,1078.5,274.0,0,0,1078.5,274.0,1078.5,274.0,0,0,False,False,False,False,550.0110582796365,0.0,0.0,Bot/CVAttacker,1920,1080,1920,1080,bot,captcha3_success,captcha3
bot_session_1764096999548_eebbfeb4,1764097001602,2054.2080402374268,31.045913696289062,mouseup,1078.5,274.0,0,0,1078.5,274.0,1078.5,274.0,0,0,False,False,False,False,0.0,0.0,0.0,Bot/CVAttacker,1920,1080,1920,1080,bot,captcha3_success,captcha3
bot_session_1764115901297_39224c00,1764115903323,2025.2470970153809,2025.2470970153809,mousedown,1099.5,274.0,0,0,1099.5,274.0,1099.5,274.0,0,0,False,False,False,False,559.5004973981785,0.0,0.0,Bot/CVAttacker,1920,1080,1920,1080,bot,captcha3_success,captcha3
bot_session_1764115901297_39224c00,1764115903352,2054.553985595703,29.306888580322266,mouseup,1099.5,274.0,0,0,1099.5,274.0,1099.5,274.0,0,0,False,False,False,False,0.0,0.0,0.0,Bot/CVAttacker,1920,1080,1920,1080,bot,captcha3_success,captcha3
bot_session_1764116280186_e8b7989e,1764116282219,2032.623052597046,2032.623052597046,mousedown,1099.5,274.0,0,0,1099.5,274.0,1099.5,274.0,0,0,False,False,False,False,557.4701894119262,0.0,0.0,Bot/CVAttacker,1920,1080,1920,1080,bot,captcha3_success,captcha3
bot_session_1764116280186_e8b7989e,1764116282246,2059.372901916504,26.749849319458008,mouseup,1099.5,274.0,0,0,1099.5,274.0,1099.5,274.0,0,0,False,False,False,False,0.0,0.0,0.0,Bot/CVAttacker,1920,1080,1920,1080,bot,captcha3_success,captcha3
bot_session_1764117249841_24ba029e,1764117251858,2016.7779922485352,2016.7779922485352,mousedown,1099.5,274.0,0,0,1099.5,274.0,1099.5,274.0,0,0,False,False,False,False,561.8500214150905,0.0,0.0,Bot/CVAttacker,1920,1080,1920,1080,bot,captcha3_success,captcha3
bot_session_1764117249841_24ba029e,1764117251896,2055.3689002990723,38.59090805053711,mouseup,1099.5,274.0,0,0,1099.5,274.0,1099.5,274.0,0,0,False,False,False,False,0.0,0.0,0.0,Bot/CVAttacker,1920,1080,1920,1080,bot,captcha3_success,captcha3
bot_session_1764117682176_9d6b1362,1764117684207,2030.5790901184082,2030.5790901184082,mousedown,755.5,274.0,0,0,755.5,274.0,755.5,274.0,0,0,False,False,False,False,395.7746956453385,0.0,0.0,Bot/CVAttacker,1920,1080,1920,1080,bot,captcha3_success,captcha3
bot_session_1764117682176_9d6b1362,1764117684237,2060.549259185791,29.970169067382812,mouseup,755.5,274.0,0,0,755.5,274.0,755.5,274.0,0,0,False,False,False,False,0.0,0.0,0.0,Bot/CVAttacker,1920,1080,1920,1080,bot,captcha3_success,captcha3
bot_session_1764117797824_8985ffb8,1764117799868,2043.060064315796,2043.060064315796,mousedown,1099.5,274.0,0,0,1099.5,274.0,1099.5,274.0,0,0,False,False,False,False,554.62234220402,0.0,0.0,Bot/CVAttacker,1920,1080,1920,1080,bot,captcha3_success,captcha3
bot_session_1764117797824_8985ffb8,1764117800161,2335.9928131103516,292.93274879455566,mouseup,1099.5,274.0,0,0,1099.5,274.0,1099.5,274.0,0,0,False,False,False,False,0.0,0.0,0.0,Bot/CVAttacker,1920,1080,1920,1080,bot,captcha3_success,captcha3
bot_session_1764117981182_ce56b07f,1764117983228,2045.3050136566162,2045.3050136566162,mousedown,412.5,274.0,0,0,412.5,274.0,412.5,274.0,0,0,False,False,False,False,242.12002409379906,0.0,0.0,Bot/CVAttacker,1920,1080,1920,1080,bot,captcha3_success,captcha3
bot_session_1764117981182_ce56b07f,1764117983329,2146.533727645874,101.22871398925781,mouseup,412.5,274.0,0,0,412.5,274.0,412.5,274.0,0,0,False,False,False,False,0.0,0.0,0.0,Bot/CVAttacker,1920,1080,1920,1080,bot,captcha3_success,captcha3
bot_session_1764151471859_a2a153c9,1764151473879,2020.400047302246,2020.400047302246,mousedown,755.5,274.0,0,0,755.5,274.0,755.5,274.0,0,0,False,False,False,False,397.7686609384529,0.0,0.0,Bot/CVAttacker,1920,1080,1920,1080,bot,captcha3_success,captcha3
bot_session_1764151471859_a2a153c9,1764151473903,2043.7979698181152,23.39792251586914,mouseup,755.5,274.0,0,0,755.5,274.0,755.5,274.0,0,0,False,False,False,False,0.0,0.0,0.0,Bot/CVAttacker,1920,1080,1920,1080,bot,captcha3_success,captcha3
bot_session_1764160693656_c741353f,1764160695683,2027.346134185791,2027.346134185791,mousedown,412.5,274.0,0,0,412.5,274.0,412.5,274.0,0,0,False,False,False,False,244.26480058600873,0.0,0.0,Bot/CVAttacker,1920,1080,1920,1080,bot,captcha3_success,captcha3
bot_session_1764160693656_c741353f,1764160695711,2055.5732250213623,28.22709083557129,mouseup,412.5,274.0,0,0,412.5,274.0,412.5,274.0,0,0,False,False,False,False,0.0,0.0,0.0,Bot/CVAttacker,1920,1080,1920,1080,bot,captcha3_success,captcha3
bot_session_1764161913161_bd300e2f,1764161915190,2029.1390419006348,2029.1390419006348,mousedown,755.5,274.0,0,0,755.5,274.0,755.5,274.0,0,0,False,False,False,False,396.0555707521375,0.0,0.0,Bot/CVAttacker,1920,1080,1920,1080,bot,captcha3_success,captcha3
bot_session_1764161913161_bd300e2f,1764161915217,2056.385040283203,27.24599838256836,mouseup,755.5,274.0,0,0,755.5,274.0,755.5,274.0,0,0,False,False,False,False,0.0,0.0,0.0,Bot/CVAttacker,1920,1080,1920,1080,bot,captcha3_success,captcha3
