session_id,timestamp,time_since_start,time_since_last_event,event_type,client_x,client_y,relative_x,relative_y,page_x,page_y,screen_x,screen_y,button,buttons,ctrl_key,shift_key,alt_key,meta_key,velocity
session_1763120157538_76i6sr1vi,1763120161535,337.2999999523163,337.2999999523163,mouseenter,396,502,140.5,259.53125,396,642,606,550,0,0,false,false,false,false,0.00
session_1763120157538_76i6sr1vi,1763120161535,337.39999985694885,0.09999990463256836,mousemove,396,502,140.5,259.53125,396,642,606,550,0,0,false,false,false,false,0.00
session_1763120157538_76i6sr1vi,1763120161552,353.89999985694885,16.5,mousemove,407,463,151.5,220.53125,407,603,617,511,0,0,false,false,false,false,2455.85
session_1763120157538_76i6sr1vi,1763120161568,370.59999990463257,16.700000047683716,mousemove,426,381,170.5,138.53125,426,520,636,429,0,0,false,false,false,false,5040.27
session_1763120157538_76i6sr1vi,1763120161585,387.39999985694885,16.799999952316284,mousemove,434,341,178.5,98.53125,434,480,644,389,0,0,false,false,false,false,2428.10
session_1763120157538_76i6sr1vi,1763120161602,404,16.600000143051147,mousemove,437,322,181.5,79.53125,437,461,647,370,0,0,false,false,false,false,1158.76
session_1763120157538_76i6sr1vi,1763120161618,420.59999990463257,16.59999990463257,mousemove,440,304,184.5,61.53125,440,443,650,352,0,0,false,false,false,false,1099.29
session_1763120157538_76i6sr1vi,1763120161634,436.19999980926514,15.599999904632568,mousemove,440,302,184.5,59.53125,440,441,650,350,0,0,false,false,false,false,128.21
session_1763120157538_76i6sr1vi,1763120161652,454.09999990463257,17.90000009536743,mousemove,440,300,184.5,57.53125,440,439,650,348,0,0,false,false,false,false,111.73
session_1763120157538_76i6sr1vi,1763120161668,470.59999990463257,16.5,mousemove,440,300,184.5,57.53125,440,439,650,348,0,0,false,false,false,false,0.00
session_1763120157538_76i6sr1vi,1763120161701,502.89999985694885,32.299999952316284,mousemove,439,300,183.5,57.53125,439,439,649,348,0,0,false,false,false,false,30.96
session_1763120157538_76i6sr1vi,1763120161717,519.5999999046326,16.700000047683716,mousemove,438,300,182.5,57.53125,438,439,648,348,0,0,false,false,false,false,59.88
session_1763120157538_76i6sr1vi,1763120161734,536.1999998092651,16.59999990463257,mousemove,435,300,179.5,57.53125,435,439,645,348,0,0,false,false,false,false,180.72
session_1763120157538_76i6sr1vi,1763120161751,552.8999998569489,16.700000047683716,mousemove,432,300,176.5,57.53125,432,439,642,348,0,0,false,false,false,false,179.64
session_1763120157538_76i6sr1vi,1763120161767,569.5999999046326,16.700000047683716,mousemove,427,300,171.5,57.53125,427,439,637,348,0,0,false,false,false,false,299.40
session_1763120157538_76i6sr1vi,1763120161785,587.5,17.90000009536743,mousemove,421,300,165.5,57.53125,421,440,631,348,0,0,false,false,false,false,335.20
session_1763120157538_76i6sr1vi,1763120161802,604,16.5,mousemove,415,301,159.5,58.53125,415,440,625,349,0,0,false,false,false,false,368.65
session_1763120157538_76i6sr1vi,1763120161818,620.6999998092651,16.699999809265137,mousemove,408,301,152.5,58.53125,408,440,618,349,0,0,false,false,false,false,419.16
session_1763120157538_76i6sr1vi,1763120161835,637.2999999523163,16.600000143051147,mousemove,403,301,147.5,58.53125,403,441,613,349,0,0,false,false,false,false,301.20
session_1763120157538_76i6sr1vi,1763120161852,654,16.700000047683716,mousemove,396,302,140.5,59.53125,396,441,606,350,0,0,false,false,false,false,423.42
session_1763120157538_76i6sr1vi,1763120161868,670.5999999046326,16.59999990463257,mousemove,390,302,134.5,59.53125,390,442,600,350,0,0,false,false,false,false,361.45
session_1763120157538_76i6sr1vi,1763120161885,687.1999998092651,16.59999990463257,mousemove,384,303,128.5,60.53125,384,443,594,351,0,0,false,false,false,false,366.43
session_1763120157538_76i6sr1vi,1763120161901,702.7999999523163,15.600000143051147,mousemove,380,304,124.5,61.53125,380,443,590,352,0,0,false,false,false,false,264.30
session_1763120157538_76i6sr1vi,1763120161918,720.5,17.700000047683716,mousemove,374,305,118.5,62.53125,374,444,584,353,0,0,false,false,false,false,343.66
session_1763120157538_76i6sr1vi,1763120161935,737.1999998092651,16.699999809265137,mousemove,370,305,114.5,62.53125,370,445,580,353,0,0,false,false,false,false,239.52
session_1763120157538_76i6sr1vi,1763120161950,752.7999999523163,15.600000143051147,mousemove,367,306,111.5,63.53125,367,446,577,354,0,0,false,false,false,false,202.71
session_1763120157538_76i6sr1vi,1763120161967,769.5,16.700000047683716,mousemove,365,307,109.5,64.53125,365,446,575,355,0,0,false,false,false,false,133.90
session_1763120157538_76i6sr1vi,1763120161984,786.1999998092651,16.699999809265137,mousemove,363,307,107.5,64.53125,363,447,573,355,0,0,false,false,false,false,119.76
session_1763120157538_76i6sr1vi,1763120162001,802.8999998569489,16.700000047683716,mousemove,361,307,105.5,64.53125,361,447,571,355,0,0,false,false,false,false,119.76
session_1763120157538_76i6sr1vi,1763120162018,820.5999999046326,17.700000047683716,mousemove,360,307,104.5,64.53125,360,447,570,355,0,0,false,false,false,false,56.50
session_1763120157538_76i6sr1vi,1763120162035,837.1999998092651,16.59999990463257,mousemove,359,307,103.5,64.53125,359,447,569,355,0,0,false,false,false,false,60.24
session_1763120157538_76i6sr1vi,1763120162052,854,16.800000190734863,mousemove,359,307,103.5,64.53125,359,446,569,355,0,0,false,false,false,false,0.00
session_1763120157538_76i6sr1vi,1763120162068,870.5,16.5,mousemove,359,306,103.5,63.53125,359,445,569,354,0,0,false,false,false,false,60.61
session_1763120157538_76i6sr1vi,1763120162084,886.1999998092651,15.699999809265137,mousemove,359,305,103.5,62.53125,359,444,569,353,0,0,false,false,false,false,63.69
session_1763120157538_76i6sr1vi,1763120162101,902.7999999523163,16.600000143051147,mousemove,359,303,103.5,60.53125,359,443,569,351,0,0,false,false,false,false,120.48
session_1763120157538_76i6sr1vi,1763120162117,919.5,16.700000047683716,mousemove,359,302,103.5,59.53125,359,442,569,350,0,0,false,false,false,false,59.88
session_1763120157538_76i6sr1vi,1763120162135,937.1999998092651,17.699999809265137,mousemove,359,302,103.5,59.53125,359,441,569,350,0,0,false,false,false,false,0.00
session_1763120157538_76i6sr1vi,1763120162149,951.2999999523163,14.100000143051147,mousedown,359,302,103.5,59.53125,359,441,569,350,0,1,false,false,false,false,0.00
session_1763120157538_76i6sr1vi,1763120162168,970.5,19.200000047683716,mousemove,359,302,103.5,59.53125,359,441,569,350,0,1,false,false,false,false,0.00
session_1763120157538_76i6sr1vi,1763120162381,1182.8999998569489,212.39999985694885,mouseup,359,302,103.5,59.53125,359,441,569,350,0,0,false,false,false,false,0.00
session_1763120157538_76i6sr1vi,1763120162381,1183,0.10000014305114746,click,359,302,103.5,59.53125,359,441,569,350,0,0,false,false,false,false,0.00
session_1763120157538_76i6sr1vi,1763120162639,1441.0999999046326,258.09999990463257,mousemove,360,302,104.5,59.53125,360,441,570,350,0,0,false,false,false,false,3.87
session_1763120157538_76i6sr1vi,1763120162652,1453.8999998569489,12.799999952316284,mousemove,365,306,109.5,63.53125,365,446,575,354,0,0,false,false,false,false,500.24
session_1763120157538_76i6sr1vi,1763120162668,1470.5999999046326,16.700000047683716,mousemove,379,316,123.5,73.53125,379,455,589,364,0,0,false,false,false,false,1030.22
session_1763120157538_76i6sr1vi,1763120162685,1487.1999998092651,16.59999990463257,mousemove,398,331,142.5,88.53125,398,471,608,379,0,0,false,false,false,false,1458.28
session_1763120157538_76i6sr1vi,1763120162702,1503.8999998569489,16.700000047683716,mousemove,419,347,163.5,104.53125,419,487,629,395,0,0,false,false,false,false,1580.88
session_1763120157538_76i6sr1vi,1763120162718,1520.5,16.600000143051147,mousemove,433,358,177.5,115.53125,433,497,643,406,0,0,false,false,false,false,1072.56
session_1763120157538_76i6sr1vi,1763120162735,1537.2999999523163,16.799999952316284,mousemove,449,369,193.5,126.53125,449,508,659,417,0,0,false,false,false,false,1155.74
session_1763120157538_76i6sr1vi,1763120162751,1553.8999998569489,16.59999990463257,mousemove,463,379,207.5,136.53125,463,519,673,427,0,0,false,false,false,false,1036.42
session_1763120157538_76i6sr1vi,1763120162768,1570.3999998569489,16.5,mousemove,467,383,211.5,140.53125,467,522,677,431,0,0,false,false,false,false,342.84
session_1763120157538_76i6sr1vi,1763120162785,1587.1999998092651,16.799999952316284,mousemove,471,385,215.5,142.53125,471,525,681,433,0,0,false,false,false,false,266.20
session_1763120157538_76i6sr1vi,1763120162802,1603.8999998569489,16.700000047683716,mousemove,473,387,217.5,144.53125,473,526,683,435,0,0,false,false,false,false,169.37
session_1763120157538_76i6sr1vi,1763120162818,1620.5999999046326,16.700000047683716,mousemove,473,387,217.5,144.53125,473,527,683,435,0,0,false,false,false,false,0.00
session_1763120157538_76i6sr1vi,1763120162847,1649.5999999046326,29,mousedown,473,387,217.5,144.53125,473,527,683,435,0,1,false,false,false,false,0.00
session_1763120157538_76i6sr1vi,1763120162848,1649.7999999523163,0.20000004768371582,mousemove,473,388,217.5,145.53125,473,527,683,436,0,1,false,false,false,false,5000.00
session_1763120157538_76i6sr1vi,1763120162980,1782.5999999046326,132.79999995231628,mouseup,473,388,217.5,145.53125,473,527,683,436,0,0,false,false,false,false,0.00
session_1763120157538_76i6sr1vi,1763120162980,1782.6999998092651,0.09999990463256836,click,473,388,217.5,145.53125,473,527,683,436,0,0,false,false,false,false,0.00
session_1763120157538_76i6sr1vi,1763120163197,1998.8999998569489,216.20000004768372,mousemove,474,388,218.5,145.53125,474,527,684,436,0,0,false,false,false,false,4.63
session_1763120157538_76i6sr1vi,1763120163205,2006.8999998569489,8,mousemove,477,390,221.5,147.53125,477,530,687,438,0,0,false,false,false,false,450.69
session_1763120157538_76i6sr1vi,1763120163218,2020.5,13.600000143051147,mousemove,483,394,227.5,151.53125,483,534,693,442,0,0,false,false,false,false,530.23
session_1763120157538_76i6sr1vi,1763120163235,2037.1999998092651,16.699999809265137,mousemove,497,401,241.5,158.53125,497,540,707,449,0,0,false,false,false,false,937.27
session_1763120157538_76i6sr1vi,1763120163251,2053.7999999523163,16.600000143051147,mousemove,513,407,257.5,164.53125,513,547,723,455,0,0,false,false,false,false,1029.40
session_1763120157538_76i6sr1vi,1763120163268,2070.5,16.700000047683716,mousemove,527,411,271.5,168.53125,527,550,737,459,0,0,false,false,false,false,871.87
session_1763120157538_76i6sr1vi,1763120163285,2087.199999809265,16.699999809265137,mousemove,544,414,288.5,171.53125,544,554,754,462,0,0,false,false,false,false,1033.69
session_1763120157538_76i6sr1vi,1763120163301,2103.899999856949,16.700000047683716,mousemove,563,418,307.5,175.53125,563,557,773,466,0,0,false,false,false,false,1162.66
session_1763120157538_76i6sr1vi,1763120163318,2120.5,16.600000143051147,mousemove,568,419,312.5,176.53125,568,558,778,467,0,0,false,false,false,false,307.17
session_1763120157538_76i6sr1vi,1763120163335,2137.2999999523163,16.799999952316284,mousemove,570,419,314.5,176.53125,570,558,780,467,0,0,false,false,false,false,119.05
session_1763120157538_76i6sr1vi,1763120163349,2151.399999856949,14.099999904632568,mousedown,570,419,314.5,176.53125,570,558,780,467,0,1,false,false,false,false,0.00
session_1763120157538_76i6sr1vi,1763120163368,2170.5,19.100000143051147,mousemove,571,419,315.5,176.53125,571,559,781,467,0,1,false,false,false,false,52.36
session_1763120157538_76i6sr1vi,1763120163464,2265.899999856949,95.39999985694885,mouseup,571,419,315.5,176.53125,571,559,781,467,0,0,false,false,false,false,0.00
session_1763120157538_76i6sr1vi,1763120163464,2266,0.10000014305114746,click,571,419,315.5,176.53125,571,559,781,467,0,0,false,false,false,false,0.00
session_1763120157538_76i6sr1vi,1763120163652,2453.899999856949,187.89999985694885,mousemove,577,419,321.5,176.53125,577,559,787,467,0,0,false,false,false,false,31.93
session_1763120157538_76i6sr1vi,1763120163668,2470.5999999046326,16.700000047683716,mousemove,595,416,339.5,173.53125,595,556,805,464,0,0,false,false,false,false,1092.71
session_1763120157538_76i6sr1vi,1763120163685,2487.199999809265,16.59999990463257,mousemove,639,410,383.5,167.53125,639,550,849,458,0,0,false,false,false,false,2675.13
session_1763120157538_76i6sr1vi,1763120163702,2503.899999856949,16.700000047683716,mousemove,676,405,420.5,162.53125,676,544,886,453,0,0,false,false,false,false,2235.71
session_1763120157538_76i6sr1vi,1763120163718,2520.5,16.600000143051147,mousemove,716,397,460.5,154.53125,716,537,926,445,0,0,false,false,false,false,2457.36
session_1763120157538_76i6sr1vi,1763120163735,2537.399999856949,16.899999856948853,mousemove,736,393,480.5,150.53125,736,533,946,441,0,0,false,false,false,false,1206.87
session_1763120157538_76i6sr1vi,1763120163752,2553.899999856949,16.5,mousemove,750,391,494.5,148.53125,750,530,960,439,0,0,false,false,false,false,857.10
session_1763120157538_76i6sr1vi,1763120163768,2570.5,16.600000143051147,mousemove,760,388,504.5,145.53125,760,527,970,436,0,0,false,false,false,false,628.93
session_1763120157538_76i6sr1vi,1763120163785,2587.0999999046326,16.59999990463257,mousemove,765,388,509.5,145.53125,765,527,975,436,0,0,false,false,false,false,301.20
session_1763120157538_76i6sr1vi,1763120163802,2603.899999856949,16.799999952316284,mousemove,766,388,510.5,145.53125,766,527,976,436,0,0,false,false,false,false,59.52
session_1763120157538_76i6sr1vi,1763120163816,2618,14.100000143051147,mousedown,766,388,510.5,145.53125,766,527,976,436,0,1,false,false,false,false,0.00
session_1763120157538_76i6sr1vi,1763120163835,2637.199999809265,19.199999809265137,mousemove,767,388,511.5,145.53125,767,527,977,436,0,1,false,false,false,false,52.08
session_1763120157538_76i6sr1vi,1763120163930,2732.699999809265,95.5,mouseup,767,388,511.5,145.53125,767,527,977,436,0,0,false,false,false,false,0.00
session_1763120157538_76i6sr1vi,1763120163930,2732.699999809265,0,click,767,388,511.5,145.53125,767,527,977,436,0,0,false,false,false,false,0.00
session_1763120157538_76i6sr1vi,1763120164135,2937.199999809265,204.5,mousemove,768,388,512.5,145.53125,768,527,978,436,0,0,false,false,false,false,4.89
session_1763120157538_76i6sr1vi,1763120164151,2953,15.800000190734863,mousemove,771,387,515.5,144.53125,771,527,981,435,0,0,false,false,false,false,200.14
session_1763120157538_76i6sr1vi,1763120164168,2970.5999999046326,17.59999990463257,mousemove,782,383,526.5,140.53125,782,523,992,431,0,0,false,false,false,false,665.04
session_1763120157538_76i6sr1vi,1763120164185,2987.0999999046326,16.5,mousemove,791,379,535.5,136.53125,791,518,1001,427,0,0,false,false,false,false,596.90
session_1763120157538_76i6sr1vi,1763120164201,3003.7999999523163,16.700000047683716,mousemove,801,372,545.5,129.53125,801,512,1011,420,0,0,false,false,false,false,730.93
session_1763120157538_76i6sr1vi,1763120164218,3020.5999999046326,16.799999952316284,mousemove,811,366,555.5,123.53125,811,505,1021,414,0,0,false,false,false,false,694.16
session_1763120157538_76i6sr1vi,1763120164235,3037.199999809265,16.59999990463257,mousemove,820,360,564.5,117.53125,820,499,1030,408,0,0,false,false,false,false,651.61
session_1763120157538_76i6sr1vi,1763120164251,3053.5,16.300000190734863,mousemove,826,356,570.5,113.53125,826,495,1036,404,0,0,false,false,false,false,442.40
session_1763120157538_76i6sr1vi,1763120164268,3070.5,17,mousemove,831,352,575.5,109.53125,831,491,1041,400,0,0,false,false,false,false,376.65
session_1763120157538_76i6sr1vi,1763120164284,3086.199999809265,15.699999809265137,mousemove,834,349,578.5,106.53125,834,489,1044,397,0,0,false,false,false,false,270.23
session_1763120157538_76i6sr1vi,1763120164299,3101.199999809265,15,mousedown,834,349,578.5,106.53125,834,489,1044,397,0,1,false,false,false,false,0.00
session_1763120157538_76i6sr1vi,1763120164318,3120.5,19.300000190734863,mousemove,834,349,578.5,106.53125,834,489,1044,397,0,1,false,false,false,false,0.00
session_1763120157538_76i6sr1vi,1763120164430,3232.699999809265,112.19999980926514,mouseup,834,349,578.5,106.53125,834,489,1044,397,0,0,false,false,false,false,0.00
session_1763120157538_76i6sr1vi,1763120164431,3232.7999999523163,0.10000014305114746,click,834,349,578.5,106.53125,834,489,1044,397,0,0,false,false,false,false,0.00
session_1763120157538_76i6sr1vi,1763120164621,3423.2999999523163,190.5,mousemove,836,349,580.5,106.53125,836,488,1046,397,0,0,false,false,false,false,10.50
session_1763120157538_76i6sr1vi,1763120164635,3437.199999809265,13.899999856948853,mousemove,838,347,582.5,104.53125,838,486,1048,395,0,0,false,false,false,false,203.48
session_1763120157538_76i6sr1vi,1763120164650,3452.7999999523163,15.600000143051147,mousemove,848,339,592.5,96.53125,848,479,1058,387,0,0,false,false,false,false,820.91
session_1763120157538_76i6sr1vi,1763120164667,3469.5,16.700000047683716,mousemove,860,329,604.5,86.53125,860,469,1070,377,0,0,false,false,false,false,935.36
session_1763120157538_76i6sr1vi,1763120164684,3486.199999809265,16.699999809265137,mousemove,868,321,612.5,78.53125,868,461,1078,369,0,0,false,false,false,false,677.47
session_1763120157538_76i6sr1vi,1763120164702,3503.7999999523163,17.600000143051147,mousemove,880,309,624.5,66.53125,880,449,1090,357,0,0,false,false,false,false,964.24
session_1763120157538_76i6sr1vi,1763120164717,3519.5,15.700000047683716,mousemove,883,306,627.5,63.53125,883,445,1093,354,0,0,false,false,false,false,270.23
session_1763120157538_76i6sr1vi,1763120164735,3537.199999809265,17.699999809265137,mousemove,890,299,634.5,56.53125,890,438,1100,347,0,0,false,false,false,false,559.29
session_1763120157538_76i6sr1vi,1763120164751,3552.899999856949,15.700000047683716,mousemove,892,296,636.5,53.53125,892,436,1102,344,0,0,false,false,false,false,229.65
session_1763120157538_76i6sr1vi,1763120164767,3569.5,16.600000143051147,mousemove,894,294,638.5,51.53125,894,434,1104,342,0,0,false,false,false,false,170.39
session_1763120157538_76i6sr1vi,1763120164784,3586.0999999046326,16.59999990463257,mousemove,895,293,639.5,50.53125,895,432,1105,341,0,0,false,false,false,false,85.19
session_1763120157538_76i6sr1vi,1763120164802,3603.7999999523163,17.700000047683716,mousemove,896,291,640.5,48.53125,896,430,1106,339,0,0,false,false,false,false,126.33
session_1763120157538_76i6sr1vi,1763120164818,3620.5999999046326,16.799999952316284,mousemove,898,289,642.5,46.53125,898,428,1108,337,0,0,false,false,false,false,168.36
session_1763120157538_76i6sr1vi,1763120164835,3637.199999809265,16.59999990463257,mousemove,900,286,644.5,43.53125,900,426,1110,334,0,0,false,false,false,false,217.20
session_1763120157538_76i6sr1vi,1763120164852,3653.899999856949,16.700000047683716,mousemove,901,284,645.5,41.53125,901,424,1111,332,0,0,false,false,false,false,133.90
session_1763120157538_76i6sr1vi,1763120164868,3670.5,16.600000143051147,mousemove,902,283,646.5,40.53125,902,423,1112,331,0,0,false,false,false,false,85.19
session_1763120157538_76i6sr1vi,1763120164881,3683.5,13,mousedown,902,283,646.5,40.53125,902,423,1112,331,0,1,false,false,false,false,0.00
session_1763120157538_76i6sr1vi,1763120164902,3703.7999999523163,20.299999952316284,mousemove,902,283,646.5,40.53125,902,423,1112,331,0,1,false,false,false,false,0.00
session_1763120157538_76i6sr1vi,1763120164997,3799.199999809265,95.39999985694885,mousemove,902,283,646.5,40.53125,902,422,1112,331,0,1,false,false,false,false,0.00
session_1763120157538_76i6sr1vi,1763120165015,3816.899999856949,17.700000047683716,mousemove,902,283,646.5,40.53125,902,423,1112,331,0,1,false,false,false,false,0.00
session_1763120157538_76i6sr1vi,1763120165033,3834.7999999523163,17.90000009536743,mousemove,899,284,643.5,41.53125,899,424,1109,332,0,1,false,false,false,false,176.66
session_1763120157538_76i6sr1vi,1763120165051,3853.7999999523163,19,mousemove,894,289,638.5,46.53125,894,428,1104,337,0,1,false,false,false,false,372.16
session_1763120157538_76i6sr1vi,1763120165067,3869.5,15.700000047683716,mousemove,886,296,630.5,53.53125,886,435,1096,344,0,1,false,false,false,false,677.08
session_1763120157538_76i6sr1vi,1763120165085,3887.0999999046326,17.59999990463257,mousemove,874,307,618.5,64.53125,874,446,1084,355,0,1,false,false,false,false,924.93
session_1763120157538_76i6sr1vi,1763120165102,3903.899999856949,16.799999952316284,mousemove,857,320,601.5,77.53125,857,460,1067,368,0,1,false,false,false,false,1273.87
session_1763120157538_76i6sr1vi,1763120165117,3919.5,15.600000143051147,mousemove,837,335,581.5,92.53125,837,475,1047,383,0,1,false,false,false,false,1602.56
session_1763120157538_76i6sr1vi,1763120165135,3937.0999999046326,17.59999990463257,mousemove,813,351,557.5,108.53125,813,490,1023,399,0,1,false,false,false,false,1638.89
session_1763120157538_76i6sr1vi,1763120165152,3953.899999856949,16.799999952316284,mousemove,785,366,529.5,123.53125,785,506,995,414,0,1,false,false,false,false,1890.76
session_1763120157538_76i6sr1vi,1763120165168,3970.5,16.600000143051147,mousemove,755,381,499.5,138.53125,755,520,965,429,0,1,false,false,false,false,2020.54
session_1763120157538_76i6sr1vi,1763120165184,3986.199999809265,15.699999809265137,mousemove,725,393,469.5,150.53125,725,533,935,441,0,1,false,false,false,false,2058.02
session_1763120157538_76i6sr1vi,1763120165201,4002.899999856949,16.700000047683716,mousemove,694,405,438.5,162.53125,694,545,904,453,0,1,false,false,false,false,1990.51
session_1763120157538_76i6sr1vi,1763120165217,4019.5,16.600000143051147,mousemove,661,417,405.5,174.53125,661,556,871,465,0,1,false,false,false,false,2115.31
session_1763120157538_76i6sr1vi,1763120165235,4037.2999999523163,17.799999952316284,mousemove,627,427,371.5,184.53125,627,567,837,475,0,1,false,false,false,false,1991.02
session_1763120157538_76i6sr1vi,1763120165251,4052.7999999523163,15.5,mousemove,593,436,337.5,193.53125,593,575,803,484,0,1,false,false,false,false,2269.10
session_1763120157538_76i6sr1vi,1763120165268,4070.5,17.700000047683716,mousemove,559,443,303.5,200.53125,559,582,769,491,0,1,false,false,false,false,1961.19
session_1763120157538_76i6sr1vi,1763120165285,4087.199999809265,16.699999809265137,mousemove,528,449,272.5,206.53125,528,588,738,497,0,1,false,false,false,false,1890.74
session_1763120157538_76i6sr1vi,1763120165302,4103.899999856949,16.700000047683716,mousemove,500,454,244.5,211.53125,500,593,710,502,0,1,false,false,false,false,1703.17
session_1763120157538_76i6sr1vi,1763120165318,4120.5,16.600000143051147,mousemove,475,458,219.5,215.53125,475,597,685,506,0,1,false,false,false,false,1525.18
session_1763120157538_76i6sr1vi,1763120165335,4137.099999904633,16.59999990463257,mousemove,452,461,196.5,218.53125,452,601,662,509,0,1,false,false,false,false,1397.28
session_1763120157538_76i6sr1vi,1763120165351,4152.899999856949,15.799999952316284,mousemove,434,463,178.5,220.53125,434,603,644,511,0,1,false,false,false,false,1146.25
session_1763120157538_76i6sr1vi,1763120165368,4170.599999904633,17.700000047683716,mousemove,420,465,164.5,222.53125,420,605,630,513,0,1,false,false,false,false,798.99
session_1763120157538_76i6sr1vi,1763120165385,4187.199999809265,16.59999990463257,mousemove,408,466,152.5,223.53125,408,605,618,514,0,1,false,false,false,false,725.40
session_1763120157538_76i6sr1vi,1763120165402,4203.899999856949,16.700000047683716,mousemove,400,466,144.5,223.53125,400,606,610,514,0,1,false,false,false,false,479.04
session_1763120157538_76i6sr1vi,1763120165418,4220.5,16.600000143051147,mousemove,393,466,137.5,223.53125,393,606,603,514,0,1,false,false,false,false,421.69
session_1763120157538_76i6sr1vi,1763120165435,4237.299999952316,16.799999952316284,mousemove,388,466,132.5,223.53125,388,606,598,514,0,1,false,false,false,false,297.62
session_1763120157538_76i6sr1vi,1763120165452,4253.899999856949,16.59999990463257,mousemove,384,466,128.5,223.53125,384,606,594,514,0,1,false,false,false,false,240.96
session_1763120157538_76i6sr1vi,1763120165467,4269.5,15.600000143051147,mousemove,380,466,124.5,223.53125,380,605,590,514,0,1,false,false,false,false,256.41
session_1763120157538_76i6sr1vi,1763120165485,4287.199999809265,17.699999809265137,mousemove,378,465,122.5,222.53125,378,605,588,513,0,1,false,false,false,false,126.33
session_1763120157538_76i6sr1vi,1763120165502,4303.899999856949,16.700000047683716,mousemove,375,464,119.5,221.53125,375,604,585,512,0,1,false,false,false,false,189.36
session_1763120157538_76i6sr1vi,1763120165518,4320.5,16.600000143051147,mousemove,374,464,118.5,221.53125,374,603,584,512,0,1,false,false,false,false,60.24
session_1763120157538_76i6sr1vi,1763120165534,4336.199999809265,15.699999809265137,mousemove,373,464,117.5,221.53125,373,603,583,512,0,1,false,false,false,false,63.69
session_1763120157538_76i6sr1vi,1763120165552,4353.799999952316,17.600000143051147,mousemove,372,463,116.5,220.53125,372,603,582,511,0,1,false,false,false,false,80.35
session_1763120157538_76i6sr1vi,1763120165601,4403.799999952316,50,mousemove,372,463,116.5,220.53125,372,603,582,511,0,1,false,false,false,false,0.00
session_1763120157538_76i6sr1vi,1763120165618,4420.5,16.700000047683716,mousemove,373,463,117.5,220.53125,373,603,583,511,0,1,false,false,false,false,59.88
session_1763120157538_76i6sr1vi,1763120165632,4434.799999952316,14.299999952316284,mouseup,373,463,117.5,220.53125,373,603,583,511,0,0,false,false,false,false,0.00
session_1763120157538_76i6sr1vi,1763120165633,4434.799999952316,0,click,373,463,117.5,220.53125,373,603,583,511,0,0,false,false,false,false,0.00
session_1763120157538_76i6sr1vi,1763120165635,4437.299999952316,2.5,mousemove,373,463,117.5,220.53125,373,603,583,511,0,0,false,false,false,false,0.00
session_1763120157538_76i6sr1vi,1763120165818,4620.399999856949,183.09999990463257,mousemove,373,460,117.5,217.53125,373,600,583,508,0,0,false,false,false,false,16.38
session_1763120157538_76i6sr1vi,1763120165835,4637.199999809265,16.799999952316284,mousemove,373,458,117.5,215.53125,373,597,583,506,0,0,false,false,false,false,119.05
session_1763120157538_76i6sr1vi,1763120165852,4653.899999856949,16.700000047683716,mousemove,374,448,118.5,205.53125,374,587,584,496,0,0,false,false,false,false,601.79
session_1763120157538_76i6sr1vi,1763120165867,4669.5,15.600000143051147,mousemove,374,438,118.5,195.53125,374,578,584,486,0,0,false,false,false,false,641.03
session_1763120157538_76i6sr1vi,1763120165884,4686.099999904633,16.59999990463257,mousemove,374,434,118.5,191.53125,374,573,584,482,0,0,false,false,false,false,240.96
session_1763120157538_76i6sr1vi,1763120165899,4701.599999904633,15.5,mousedown,374,434,118.5,191.53125,374,573,584,482,0,1,false,false,false,false,0.00
session_1763120157538_76i6sr1vi,1763120165918,4720.599999904633,19,mousemove,374,433,118.5,190.53125,374,572,584,481,0,1,false,false,false,false,52.63
session_1763120157538_76i6sr1vi,1763120166014,4816.199999809265,95.59999990463257,mouseup,374,433,118.5,190.53125,374,572,584,481,0,0,false,false,false,false,0.00
session_1763120157538_76i6sr1vi,1763120166014,4816.199999809265,0,click,374,433,118.5,190.53125,374,572,584,481,0,0,false,false,false,false,0.00
session_1763120157538_76i6sr1vi,1763120166191,4993.199999809265,177,mousemove,374,433,118.5,190.53125,374,572,584,481,0,0,false,false,false,false,0.00
session_1763120157538_76i6sr1vi,1763120166201,5003.799999952316,10.600000143051147,mousemove,374,432,118.5,189.53125,374,571,584,480,0,0,false,false,false,false,94.34
session_1763120157538_76i6sr1vi,1763120166218,5020.5,16.700000047683716,mousemove,374,430,118.5,187.53125,374,570,584,478,0,0,false,false,false,false,119.76
session_1763120157538_76i6sr1vi,1763120166235,5037.199999809265,16.699999809265137,mousemove,374,428,118.5,185.53125,374,568,584,476,0,0,false,false,false,false,119.76
session_1763120157538_76i6sr1vi,1763120166252,5053.799999952316,16.600000143051147,mousemove,372,423,116.5,180.53125,372,563,582,471,0,0,false,false,false,false,324.41
session_1763120157538_76i6sr1vi,1763120166268,5070.5,16.700000047683716,mousemove,370,416,114.5,173.53125,370,556,580,464,0,0,false,false,false,false,435.93
session_1763120157538_76i6sr1vi,1763120166285,5087.199999809265,16.699999809265137,mousemove,368,407,112.5,164.53125,368,546,578,455,0,0,false,false,false,false,552.07
session_1763120157538_76i6sr1vi,1763120166302,5103.899999856949,16.700000047683716,mousemove,366,397,110.5,154.53125,366,537,576,445,0,0,false,false,false,false,610.66
session_1763120157538_76i6sr1vi,1763120166318,5120.299999952316,16.40000009536743,mousemove,363,387,107.5,144.53125,363,527,573,435,0,0,false,false,false,false,636.60
session_1763120157538_76i6sr1vi,1763120166335,5137.199999809265,16.899999856948853,mousemove,362,380,106.5,137.53125,362,520,572,428,0,0,false,false,false,false,418.41
session_1763120157538_76i6sr1vi,1763120166352,5153.899999856949,16.700000047683716,mousemove,359,371,103.5,128.53125,359,510,569,419,0,0,false,false,false,false,568.07
session_1763120157538_76i6sr1vi,1763120166368,5170.5,16.600000143051147,mousemove,357,366,101.5,123.53125,357,505,567,414,0,0,false,false,false,false,324.41
session_1763120157538_76i6sr1vi,1763120166385,5187.199999809265,16.699999809265137,mousemove,354,356,98.5,113.53125,354,496,564,404,0,0,false,false,false,false,625.17
session_1763120157538_76i6sr1vi,1763120166401,5203.799999952316,16.600000143051147,mousemove,353,351,97.5,108.53125,353,491,563,399,0,0,false,false,false,false,307.17
session_1763120157538_76i6sr1vi,1763120166431,5233.099999904633,29.299999952316284,mousedown,353,351,97.5,108.53125,353,491,563,399,0,1,false,false,false,false,0.00
session_1763120157538_76i6sr1vi,1763120166431,5233.399999856949,0.2999999523162842,mousemove,352,351,96.5,108.53125,352,490,562,399,0,1,false,false,false,false,3333.33
session_1763120157538_76i6sr1vi,1763120166551,5353.799999952316,120.40000009536743,mousemove,352,350,96.5,107.53125,352,490,562,398,0,1,false,false,false,false,8.31
session_1763120157538_76i6sr1vi,1763120166568,5370.599999904633,16.799999952316284,mousemove,353,350,97.5,107.53125,353,490,563,398,0,1,false,false,false,false,59.52
session_1763120157538_76i6sr1vi,1763120166585,5387.199999809265,16.59999990463257,mousemove,355,350,99.5,107.53125,355,490,565,398,0,1,false,false,false,false,120.48
session_1763120157538_76i6sr1vi,1763120166602,5403.799999952316,16.600000143051147,mousemove,359,351,103.5,108.53125,359,491,569,399,0,1,false,false,false,false,248.38
session_1763120157538_76i6sr1vi,1763120166618,5420.5,16.700000047683716,mousemove,367,355,111.5,112.53125,367,494,577,403,0,1,false,false,false,false,535.59
session_1763120157538_76i6sr1vi,1763120166635,5437.299999952316,16.799999952316284,mousemove,379,359,123.5,116.53125,379,499,589,407,0,1,false,false,false,false,752.92
session_1763120157538_76i6sr1vi,1763120166651,5453.799999952316,16.5,mousemove,393,366,137.5,123.53125,393,505,603,414,0,1,false,false,false,false,948.63
session_1763120157538_76i6sr1vi,1763120166668,5470.5,16.700000047683716,mousemove,410,372,154.5,129.53125,410,511,620,420,0,1,false,false,false,false,1079.51
session_1763120157538_76i6sr1vi,1763120166685,5487.199999809265,16.699999809265137,mousemove,430,379,174.5,136.53125,430,518,640,427,0,1,false,false,false,false,1268.84
session_1763120157538_76i6sr1vi,1763120166701,5502.799999952316,15.600000143051147,mousemove,451,385,195.5,142.53125,451,525,661,433,0,1,false,false,false,false,1400.02
session_1763120157538_76i6sr1vi,1763120166718,5520.599999904633,17.799999952316284,mousemove,475,391,219.5,148.53125,475,530,685,439,0,1,false,false,false,false,1389.81
session_1763120157538_76i6sr1vi,1763120166735,5537.199999809265,16.59999990463257,mousemove,501,395,245.5,152.53125,501,535,711,443,0,1,false,false,false,false,1584.69
session_1763120157538_76i6sr1vi,1763120166752,5553.799999952316,16.600000143051147,mousemove,531,399,275.5,156.53125,531,539,741,447,0,1,false,false,false,false,1823.22
session_1763120157538_76i6sr1vi,1763120166768,5570.5,16.700000047683716,mousemove,563,403,307.5,160.53125,563,542,773,451,0,1,false,false,false,false,1931.08
session_1763120157538_76i6sr1vi,1763120166784,5586.199999809265,15.699999809265137,mousemove,595,405,339.5,162.53125,595,545,805,453,0,1,false,false,false,false,2042.19
session_1763120157538_76i6sr1vi,1763120166802,5603.899999856949,17.700000047683716,mousemove,621,407,365.5,164.53125,621,546,831,455,0,1,false,false,false,false,1473.27
session_1763120157538_76i6sr1vi,1763120166818,5620.5,16.600000143051147,mousemove,647,408,391.5,165.53125,647,548,857,456,0,1,false,false,false,false,1567.42
session_1763120157538_76i6sr1vi,1763120166835,5637.299999952316,16.799999952316284,mousemove,672,409,416.5,166.53125,672,549,882,457,0,1,false,false,false,false,1489.29
session_1763120157538_76i6sr1vi,1763120166852,5653.899999856949,16.59999990463257,mousemove,690,409,434.5,166.53125,690,549,900,457,0,1,false,false,false,false,1084.34
session_1763120157538_76i6sr1vi,1763120166868,5670.5,16.600000143051147,mousemove,707,409,451.5,166.53125,707,549,917,457,0,1,false,false,false,false,1024.10
session_1763120157538_76i6sr1vi,1763120166885,5687.099999904633,16.59999990463257,mousemove,722,409,466.5,166.53125,722,549,932,457,0,1,false,false,false,false,903.61
session_1763120157538_76i6sr1vi,1763120166902,5703.799999952316,16.700000047683716,mousemove,735,409,479.5,166.53125,735,549,945,457,0,1,false,false,false,false,778.44
session_1763120157538_76i6sr1vi,1763120166917,5719.5,15.700000047683716,mousemove,746,409,490.5,166.53125,746,549,956,457,0,1,false,false,false,false,700.64
session_1763120157538_76i6sr1vi,1763120166934,5736.099999904633,16.59999990463257,mousemove,753,409,497.5,166.53125,753,549,963,457,0,1,false,false,false,false,421.69
session_1763120157538_76i6sr1vi,1763120166951,5753.199999809265,17.09999990463257,mousemove,758,409,502.5,166.53125,758,549,968,457,0,1,false,false,false,false,292.40
session_1763120157538_76i6sr1vi,1763120166967,5769.5,16.300000190734863,mousemove,761,409,505.5,166.53125,761,549,971,457,0,1,false,false,false,false,184.05
session_1763120157538_76i6sr1vi,1763120166985,5787.199999809265,17.699999809265137,mousemove,762,409,506.5,166.53125,762,549,972,457,0,1,false,false,false,false,56.50
session_1763120157538_76i6sr1vi,1763120167018,5820.5,33.30000019073486,mousemove,763,409,507.5,166.53125,763,549,973,457,0,1,false,false,false,false,30.03
session_1763120157538_76i6sr1vi,1763120167035,5837.199999809265,16.699999809265137,mousemove,762,409,506.5,166.53125,762,549,972,457,0,1,false,false,false,false,59.88
session_1763120157538_76i6sr1vi,1763120167049,5851.5,14.300000190734863,mouseup,762,409,506.5,166.53125,762,549,972,457,0,0,false,false,false,false,0.00
session_1763120157538_76i6sr1vi,1763120167049,5851.5,0,click,762,409,506.5,166.53125,762,549,972,457,0,0,false,false,false,false,0.00
session_1763120157538_76i6sr1vi,1763120167051,5852.899999856949,1.3999998569488525,mousemove,760,410,504.5,167.53125,760,549,970,458,0,0,false,false,false,false,1597.19
session_1763120157538_76i6sr1vi,1763120167197,5999.699999809265,146.79999995231628,mousemove,761,410,505.5,167.53125,761,549,971,458,0,0,false,false,false,false,6.81
session_1763120157538_76i6sr1vi,1763120167219,6021.599999904633,21.90000009536743,mousemove,777,405,521.5,162.53125,777,545,987,453,0,0,false,false,false,false,765.44
session_1763120157538_76i6sr1vi,1763120167234,6036.199999809265,14.599999904632568,mousemove,787,401,531.5,158.53125,787,541,997,449,0,0,false,false,false,false,737.69
session_1763120157538_76i6sr1vi,1763120167251,6052.899999856949,16.700000047683716,mousemove,803,394,547.5,151.53125,803,534,1013,442,0,0,false,false,false,false,1045.76
session_1763120157538_76i6sr1vi,1763120167268,6070.399999856949,17.5,mousemove,827,386,571.5,143.53125,827,525,1037,434,0,0,false,false,false,false,1445.61
session_1763120157538_76i6sr1vi,1763120167285,6087.199999809265,16.799999952316284,mousemove,835,383,579.5,140.53125,835,523,1045,431,0,0,false,false,false,false,508.57
session_1763120157538_76i6sr1vi,1763120167302,6103.799999952316,16.600000143051147,mousemove,839,381,583.5,138.53125,839,521,1049,429,0,0,false,false,false,false,269.41
session_1763120157538_76i6sr1vi,1763120167318,6120.5,16.700000047683716,mousemove,842,381,586.5,138.53125,842,520,1052,429,0,0,false,false,false,false,179.64
session_1763120157538_76i6sr1vi,1763120167335,6137.199999809265,16.699999809265137,mousemove,842,381,586.5,138.53125,842,520,1052,429,0,0,false,false,false,false,0.00
session_1763120157538_76i6sr1vi,1763120167354,6156,18.800000190734863,mousedown,842,381,586.5,138.53125,842,520,1052,429,0,1,false,false,false,false,0.00
session_1763120157538_76i6sr1vi,1763120167369,6171.5,15.5,mousemove,843,381,587.5,138.53125,843,520,1053,429,0,1,false,false,false,false,64.52
session_1763120157538_76i6sr1vi,1763120167465,6267.599999904633,96.09999990463257,mouseup,843,381,587.5,138.53125,843,520,1053,429,0,0,false,false,false,false,0.00
session_1763120157538_76i6sr1vi,1763120167465,6267.699999809265,0.09999990463256836,click,843,381,587.5,138.53125,843,520,1053,429,0,0,false,false,false,false,0.00
session_1763120157538_76i6sr1vi,1763120167689,6490.899999856949,223.20000004768372,mousemove,842,381,586.5,138.53125,842,520,1052,429,0,0,false,false,false,false,4.48
session_1763120157538_76i6sr1vi,1763120167701,6503.799999952316,12.900000095367432,mousemove,840,381,584.5,138.53125,840,520,1050,429,0,0,false,false,false,false,155.04
session_1763120157538_76i6sr1vi,1763120167717,6519.599999904633,15.799999952316284,mousemove,831,384,575.5,141.53125,831,523,1041,432,0,0,false,false,false,false,600.43
session_1763120157538_76i6sr1vi,1763120167735,6537.299999952316,17.700000047683716,mousemove,819,389,563.5,146.53125,819,528,1029,437,0,0,false,false,false,false,734.46
session_1763120157538_76i6sr1vi,1763120167752,6553.799999952316,16.5,mousemove,806,395,550.5,152.53125,806,534,1016,443,0,0,false,false,false,false,867.75
session_1763120157538_76i6sr1vi,1763120167768,6570.5,16.700000047683716,mousemove,794,401,538.5,158.53125,794,540,1004,449,0,0,false,false,false,false,803.38
session_1763120157538_76i6sr1vi,1763120167785,6587.299999952316,16.799999952316284,mousemove,787,404,531.5,161.53125,787,544,997,452,0,0,false,false,false,false,453.32
session_1763120157538_76i6sr1vi,1763120167799,6601.299999952316,14,mousedown,787,404,531.5,161.53125,787,544,997,452,0,1,false,false,false,false,0.00
session_1763120157538_76i6sr1vi,1763120167817,6619.5,18.200000047683716,mousemove,785,405,529.5,162.53125,785,545,995,453,0,1,false,false,false,false,122.86
session_1763120157538_76i6sr1vi,1763120167885,6687.199999809265,67.69999980926514,mousemove,783,406,527.5,163.53125,783,546,993,454,0,1,false,false,false,false,33.03
session_1763120157538_76i6sr1vi,1763120167902,6703.799999952316,16.600000143051147,mousemove,781,406,525.5,163.53125,781,546,991,454,0,1,false,false,false,false,120.48
session_1763120157538_76i6sr1vi,1763120167918,6720.599999904633,16.799999952316284,mousemove,776,406,520.5,163.53125,776,546,986,454,0,1,false,false,false,false,297.62
session_1763120157538_76i6sr1vi,1763120167935,6737.099999904633,16.5,mousemove,766,407,510.5,164.53125,766,547,976,455,0,1,false,false,false,false,609.08
session_1763120157538_76i6sr1vi,1763120167951,6753.799999952316,16.700000047683716,mousemove,752,408,496.5,165.53125,752,548,962,456,0,1,false,false,false,false,840.46
session_1763120157538_76i6sr1vi,1763120167968,6770.5,16.700000047683716,mousemove,733,408,477.5,165.53125,733,548,943,456,0,1,false,false,false,false,1137.72
session_1763120157538_76i6sr1vi,1763120167985,6787.299999952316,16.799999952316284,mousemove,710,408,454.5,165.53125,710,548,920,456,0,1,false,false,false,false,1369.05
session_1763120157538_76i6sr1vi,1763120168002,6803.899999856949,16.59999990463257,mousemove,683,408,427.5,165.53125,683,548,893,456,0,1,false,false,false,false,1626.51
session_1763120157538_76i6sr1vi,1763120168018,6820.5,16.600000143051147,mousemove,656,408,400.5,165.53125,656,548,866,456,0,1,false,false,false,false,1626.51
session_1763120157538_76i6sr1vi,1763120168034,6836.199999809265,15.699999809265137,mousemove,628,408,372.5,165.53125,628,548,838,456,0,1,false,false,false,false,1783.44
session_1763120157538_76i6sr1vi,1763120168051,6853,16.800000190734863,mousemove,602,408,346.5,165.53125,602,548,812,456,0,1,false,false,false,false,1547.62
session_1763120157538_76i6sr1vi,1763120168068,6870.299999952316,17.299999952316284,mousemove,579,408,323.5,165.53125,579,548,789,456,0,1,false,false,false,false,1329.48
session_1763120157538_76i6sr1vi,1763120168084,6886.199999809265,15.899999856948853,mousemove,556,408,300.5,165.53125,556,548,766,456,0,1,false,false,false,false,1446.54
session_1763120157538_76i6sr1vi,1763120168101,6903.799999952316,17.600000143051147,mousemove,531,408,275.5,165.53125,531,548,741,456,0,1,false,false,false,false,1420.45
session_1763120157538_76i6sr1vi,1763120168118,6920.599999904633,16.799999952316284,mousemove,507,407,251.5,164.53125,507,547,717,455,0,1,false,false,false,false,1429.81
session_1763120157538_76i6sr1vi,1763120168152,6953.899999856949,33.299999952316284,mousemove,466,402,210.5,159.53125,466,541,676,450,0,1,false,false,false,false,1240.35
session_1763120157538_76i6sr1vi,1763120168168,6970.5,16.600000143051147,mousemove,449,399,193.5,156.53125,449,538,659,447,0,1,false,false,false,false,1039.92
session_1763120157538_76i6sr1vi,1763120168185,6987.199999809265,16.699999809265137,mousemove,436,396,180.5,153.53125,436,536,646,444,0,1,false,false,false,false,798.90
session_1763120157538_76i6sr1vi,1763120168202,7003.799999952316,16.600000143051147,mousemove,429,394,173.5,151.53125,429,533,639,442,0,1,false,false,false,false,438.56
session_1763120157538_76i6sr1vi,1763120168218,7020.5,16.700000047683716,mousemove,424,392,168.5,149.53125,424,532,634,440,0,1,false,false,false,false,322.46
session_1763120157538_76i6sr1vi,1763120168235,7037.199999809265,16.699999809265137,mousemove,420,391,164.5,148.53125,420,531,630,439,0,1,false,false,false,false,246.89
session_1763120157538_76i6sr1vi,1763120168252,7053.899999856949,16.700000047683716,mousemove,418,390,162.5,147.53125,418,530,628,438,0,1,false,false,false,false,133.90
session_1763120157538_76i6sr1vi,1763120168297,7099.199999809265,45.299999952316284,mouseup,418,390,162.5,147.53125,418,530,628,438,0,0,false,false,false,false,0.00
session_1763120157538_76i6sr1vi,1763120168297,7099.199999809265,0,click,418,390,162.5,147.53125,418,530,628,438,0,0,false,false,false,false,0.00
session_1763120157538_76i6sr1vi,1763120169334,8136.199999809265,1037,mousemove,418,392,162.5,170.53125,418,553,628,440,0,0,false,false,false,false,1.93
session_1763120157538_76i6sr1vi,1763120169351,8152.799999952316,16.600000143051147,mousemove,419,397,163.5,175.53125,419,557,629,445,0,0,false,false,false,false,307.17
session_1763120157538_76i6sr1vi,1763120169368,8170.5,17.700000047683716,mousemove,421,402,165.5,180.53125,421,563,631,450,0,0,false,false,false,false,304.25
session_1763120157538_76i6sr1vi,1763120169385,8187.199999809265,16.699999809265137,mousemove,424,410,168.5,188.53125,424,570,634,458,0,0,false,false,false,false,511.62
session_1763120157538_76i6sr1vi,1763120169401,8203.799999952316,16.600000143051147,mousemove,430,419,174.5,197.53125,430,579,640,467,0,0,false,false,false,false,651.61
session_1763120157538_76i6sr1vi,1763120169418,8220.599999904633,16.799999952316284,mousemove,438,427,182.5,205.53125,438,587,648,475,0,0,false,false,false,false,673.44
session_1763120157538_76i6sr1vi,1763120169435,8237.099999904633,16.5,mousemove,449,433,193.5,211.53125,449,593,659,481,0,0,false,false,false,false,759.39
session_1763120157538_76i6sr1vi,1763120169452,8253.899999856949,16.799999952316284,mousemove,460,435,204.5,213.53125,460,595,670,483,0,0,false,false,false,false,665.50
session_1763120157538_76i6sr1vi,1763120169468,8270.5,16.600000143051147,mousemove,469,435,213.5,213.53125,469,595,679,483,0,0,false,false,false,false,542.17
session_1763120157538_76i6sr1vi,1763120169485,8287.199999809265,16.699999809265137,mousemove,478,431,222.5,209.53125,478,592,688,479,0,0,false,false,false,false,589.75
session_1763120157538_76i6sr1vi,1763120169502,8303.899999856949,16.700000047683716,mousemove,481,424,225.5,202.53125,481,585,691,472,0,0,false,false,false,false,456.03
session_1763120157538_76i6sr1vi,1763120169518,8320.5,16.600000143051147,mousemove,482,416,226.5,194.53125,482,576,692,464,0,0,false,false,false,false,485.68
session_1763120157538_76i6sr1vi,1763120169535,8337.099999904633,16.59999990463257,mousemove,482,408,226.5,186.53125,482,568,692,456,0,0,false,false,false,false,481.93
session_1763120157538_76i6sr1vi,1763120169551,8353.799999952316,16.700000047683716,mousemove,481,403,225.5,181.53125,481,563,691,451,0,0,false,false,false,false,305.33
session_1763120157538_76i6sr1vi,1763120169568,8370.5,16.700000047683716,mousemove,477,396,221.5,174.53125,477,556,687,444,0,0,false,false,false,false,482.77
session_1763120157538_76i6sr1vi,1763120169585,8387.199999809265,16.699999809265137,mousemove,472,393,216.5,171.53125,472,553,682,441,0,0,false,false,false,false,349.16
session_1763120157538_76i6sr1vi,1763120169602,8403.899999856949,16.700000047683716,mousemove,468,391,212.5,169.53125,468,551,678,439,0,0,false,false,false,false,267.79
session_1763120157538_76i6sr1vi,1763120169618,8420.5,16.600000143051147,mousemove,464,390,208.5,168.53125,464,550,674,438,0,0,false,false,false,false,248.38
session_1763120157538_76i6sr1vi,1763120169635,8437.199999809265,16.699999809265137,mousemove,462,389,206.5,167.53125,462,549,672,437,0,0,false,false,false,false,133.90
session_1763120157538_76i6sr1vi,1763120169651,8453.799999952316,16.600000143051147,mousemove,461,389,205.5,167.53125,461,549,671,437,0,0,false,false,false,false,60.24
session_1763120157538_76i6sr1vi,1763120169668,8470.5,16.700000047683716,mousemove,460,389,204.5,167.53125,460,549,670,437,0,0,false,false,false,false,59.88
session_1763120157538_76i6sr1vi,1763120169685,8487.199999809265,16.699999809265137,mousemove,460,389,204.5,167.53125,460,549,670,437,0,0,false,false,false,false,0.00
session_1763120157538_76i6sr1vi,1763120169768,8570.5,83.30000019073486,mousemove,459,389,203.5,167.53125,459,549,669,437,0,0,false,false,false,false,12.00
session_1763120157538_76i6sr1vi,1763120169785,8587.199999809265,16.699999809265137,mousemove,459,389,203.5,167.53125,459,550,669,437,0,0,false,false,false,false,0.00
session_1763120157538_76i6sr1vi,1763120169802,8603.899999856949,16.700000047683716,mousemove,459,390,203.5,168.53125,459,550,669,438,0,0,false,false,false,false,59.88
session_1763120157538_76i6sr1vi,1763120169818,8620.5,16.600000143051147,mousemove,458,391,202.5,169.53125,458,551,668,439,0,0,false,false,false,false,85.19
session_1763120157538_76i6sr1vi,1763120169834,8636.099999904633,15.599999904632568,mousemove,458,391,202.5,169.53125,458,552,668,439,0,0,false,false,false,false,0.00
session_1763120157538_76i6sr1vi,1763120169852,8653.799999952316,17.700000047683716,mousemove,458,392,202.5,170.53125,458,552,668,440,0,0,false,false,false,false,56.50
session_1763120157538_76i6sr1vi,1763120169867,8669.5,15.700000047683716,mousemove,457,392,201.5,170.53125,457,552,667,440,0,0,false,false,false,false,63.69
session_1763120157538_76i6sr1vi,1763120169930,8732.099999904633,62.59999990463257,mousemove,458,391,202.5,169.53125,458,552,668,439,0,0,false,false,false,false,22.59
session_1763120157538_76i6sr1vi,1763120169938,8740.299999952316,8.200000047683716,mousemove,459,391,203.5,169.53125,459,551,669,439,0,0,false,false,false,false,121.95
session_1763120157538_76i6sr1vi,1763120169951,8753.799999952316,13.5,mousemove,459,390,203.5,168.53125,459,550,669,438,0,0,false,false,false,false,74.07
session_1763120157538_76i6sr1vi,1763120169968,8770.599999904633,16.799999952316284,mousemove,461,388,205.5,166.53125,461,549,671,436,0,0,false,false,false,false,168.36
session_1763120157538_76i6sr1vi,1763120169985,8787.199999809265,16.59999990463257,mousemove,464,386,208.5,164.53125,464,546,674,434,0,0,false,false,false,false,217.20
session_1763120157538_76i6sr1vi,1763120170002,8804,16.800000190734863,mousemove,467,383,211.5,161.53125,467,544,677,431,0,0,false,false,false,false,252.54
session_1763120157538_76i6sr1vi,1763120170017,8819.599999904633,15.599999904632568,mousemove,471,381,215.5,159.53125,471,541,681,429,0,0,false,false,false,false,286.68
session_1763120157538_76i6sr1vi,1763120170035,8837.099999904633,17.5,mousemove,475,377,219.5,155.53125,475,538,685,425,0,0,false,false,false,false,323.25
session_1763120157538_76i6sr1vi,1763120170051,8852.799999952316,15.700000047683716,mousemove,476,377,220.5,155.53125,476,537,686,425,0,0,false,false,false,false,63.69
session_1763120157538_76i6sr1vi,1763120170068,8870.5,17.700000047683716,mousemove,477,376,221.5,154.53125,477,536,687,424,0,0,false,false,false,false,79.90
session_1763120157538_76i6sr1vi,1763120170085,8887.199999809265,16.699999809265137,mousemove,477,375,221.5,153.53125,477,536,687,423,0,0,false,false,false,false,59.88
session_1763120157538_76i6sr1vi,1763120170135,8937.199999809265,50,mousemove,476,376,220.5,154.53125,476,537,686,424,0,0,false,false,false,false,28.28
session_1763120157538_76i6sr1vi,1763120170152,8953.899999856949,16.700000047683716,mousemove,474,377,218.5,155.53125,474,538,684,425,0,0,false,false,false,false,133.90
session_1763120157538_76i6sr1vi,1763120170168,8970.5,16.600000143051147,mousemove,473,378,217.5,156.53125,473,538,683,426,0,0,false,false,false,false,85.19
session_1763120157538_76i6sr1vi,1763120170184,8986.799999952316,16.299999952316284,mousemove,472,378,216.5,156.53125,472,538,682,426,0,0,false,false,false,false,61.35
session_1763120157538_76i6sr1vi,1763120170202,9003.799999952316,17,mousemove,471,378,215.5,156.53125,471,538,681,426,0,0,false,false,false,false,58.82
session_1763120157538_76i6sr1vi,1763120170218,9020.599999904633,16.799999952316284,mousemove,470,378,214.5,156.53125,470,538,680,426,0,0,false,false,false,false,59.52
session_1763120157538_76i6sr1vi,1763120170233,9035.299999952316,14.700000047683716,mousedown,470,378,214.5,156.53125,470,538,680,426,0,1,false,false,false,false,0.00
session_1763120157538_76i6sr1vi,1763120170364,9166,130.70000004768372,mouseup,470,378,214.5,156.53125,470,538,680,426,0,0,false,false,false,false,0.00
session_1763120157538_76i6sr1vi,1763120170364,9166.099999904633,0.09999990463256836,click,470,378,214.5,156.53125,470,538,680,426,0,0,false,false,false,false,0.00
session_1763120157538_76i6sr1vi,1763120170609,9411.799999952316,245.70000004768372,mousemove,472,378,216.5,156.53125,472,538,682,426,0,0,false,false,false,false,8.14
session_1763120157538_76i6sr1vi,1763120170618,9420.5,8.700000047683716,mousemove,474,378,218.5,156.53125,474,538,684,426,0,0,false,false,false,false,229.89
session_1763120157538_76i6sr1vi,1763120170635,9437.099999904633,16.59999990463257,mousemove,479,378,223.5,156.53125,479,538,689,426,0,0,false,false,false,false,301.20
session_1763120157538_76i6sr1vi,1763120170652,9453.899999856949,16.799999952316284,mousemove,489,378,233.5,156.53125,489,538,699,426,0,0,false,false,false,false,595.24
session_1763120157538_76i6sr1vi,1763120170667,9469.5,15.600000143051147,mousemove,505,379,249.5,157.53125,505,540,715,427,0,0,false,false,false,false,1027.64
session_1763120157538_76i6sr1vi,1763120170684,9486.199999809265,16.699999809265137,mousemove,515,379,259.5,157.53125,515,540,725,427,0,0,false,false,false,false,598.80
session_1763120157538_76i6sr1vi,1763120170701,9502.899999856949,16.700000047683716,mousemove,527,380,271.5,158.53125,527,540,737,428,0,0,false,false,false,false,721.05
session_1763120157538_76i6sr1vi,1763120170718,9520.5,17.600000143051147,mousemove,538,381,282.5,159.53125,538,541,748,429,0,0,false,false,false,false,627.58
session_1763120157538_76i6sr1vi,1763120170735,9537.099999904633,16.59999990463257,mousemove,549,382,293.5,160.53125,549,542,759,430,0,0,false,false,false,false,665.38
session_1763120157538_76i6sr1vi,1763120170752,9553.899999856949,16.799999952316284,mousemove,558,382,302.5,160.53125,558,543,768,430,0,0,false,false,false,false,535.71
session_1763120157538_76i6sr1vi,1763120170768,9570.5,16.600000143051147,mousemove,568,383,312.5,161.53125,568,543,778,431,0,0,false,false,false,false,605.41
session_1763120157538_76i6sr1vi,1763120170785,9587.199999809265,16.699999809265137,mousemove,576,383,320.5,161.53125,576,544,786,431,0,0,false,false,false,false,479.04
session_1763120157538_76i6sr1vi,1763120170802,9603.899999856949,16.700000047683716,mousemove,584,383,328.5,161.53125,584,544,794,431,0,0,false,false,false,false,479.04
session_1763120157538_76i6sr1vi,1763120170818,9620.599999904633,16.700000047683716,mousemove,592,383,336.5,161.53125,592,544,802,431,0,0,false,false,false,false,479.04
session_1763120157538_76i6sr1vi,1763120170835,9637.199999809265,16.59999990463257,mousemove,600,383,344.5,161.53125,600,544,810,431,0,0,false,false,false,false,481.93
session_1763120157538_76i6sr1vi,1763120170852,9653.899999856949,16.700000047683716,mousemove,607,383,351.5,161.53125,607,544,817,431,0,0,false,false,false,false,419.16
session_1763120157538_76i6sr1vi,1763120170868,9670.5,16.600000143051147,mousemove,615,382,359.5,160.53125,615,543,825,430,0,0,false,false,false,false,485.68
session_1763120157538_76i6sr1vi,1763120170885,9687.199999809265,16.699999809265137,mousemove,621,382,365.5,160.53125,621,542,831,430,0,0,false,false,false,false,359.28
session_1763120157538_76i6sr1vi,1763120170901,9703.799999952316,16.600000143051147,mousemove,626,381,370.5,159.53125,626,542,836,429,0,0,false,false,false,false,307.17
session_1763120157538_76i6sr1vi,1763120170918,9720.5,16.700000047683716,mousemove,631,381,375.5,159.53125,631,542,841,429,0,0,false,false,false,false,299.40
session_1763120157538_76i6sr1vi,1763120170935,9737.099999904633,16.59999990463257,mousemove,636,381,380.5,159.53125,636,541,846,429,0,0,false,false,false,false,301.20
session_1763120157538_76i6sr1vi,1763120170952,9753.899999856949,16.799999952316284,mousemove,640,380,384.5,158.53125,640,540,850,428,0,0,false,false,false,false,245.42
session_1763120157538_76i6sr1vi,1763120170967,9769.5,15.600000143051147,mousemove,644,379,388.5,157.53125,644,540,854,427,0,0,false,false,false,false,264.30
session_1763120157538_76i6sr1vi,1763120170985,9787.099999904633,17.59999990463257,mousemove,648,379,392.5,157.53125,648,540,858,427,0,0,false,false,false,false,227.27
session_1763120157538_76i6sr1vi,1763120171001,9803,15.900000095367432,mousemove,651,379,395.5,157.53125,651,539,861,427,0,0,false,false,false,false,188.68
session_1763120157538_76i6sr1vi,1763120171018,9820.599999904633,17.59999990463257,mousemove,655,378,399.5,156.53125,655,539,865,426,0,0,false,false,false,false,234.27
session_1763120157538_76i6sr1vi,1763120171035,9837.199999809265,16.59999990463257,mousemove,658,378,402.5,156.53125,658,538,868,426,0,0,false,false,false,false,180.72
session_1763120157538_76i6sr1vi,1763120171052,9853.899999856949,16.700000047683716,mousemove,661,378,405.5,156.53125,661,538,871,426,0,0,false,false,false,false,179.64
session_1763120157538_76i6sr1vi,1763120171068,9870.5,16.600000143051147,mousemove,663,377,407.5,155.53125,663,538,873,425,0,0,false,false,false,false,134.70
session_1763120157538_76i6sr1vi,1763120171084,9886.199999809265,15.699999809265137,mousemove,664,377,408.5,155.53125,664,538,874,425,0,0,false,false,false,false,63.69
session_1763120157538_76i6sr1vi,1763120171102,9903.899999856949,17.700000047683716,mousemove,665,377,409.5,155.53125,665,538,875,425,0,0,false,false,false,false,56.50
session_1763120157538_76i6sr1vi,1763120171118,9920.5,16.600000143051147,mousemove,665,377,409.5,155.53125,665,538,875,425,0,0,false,false,false,false,0.00
session_1763120157538_76i6sr1vi,1763120172952,11753.899999856949,1833.3999998569489,mousemove,663,377,407.5,155.53125,663,538,873,425,0,0,false,false,false,false,1.09
session_1763120157538_76i6sr1vi,1763120172968,11770.599999904633,16.700000047683716,mousemove,657,377,401.5,155.53125,657,538,867,425,0,0,false,false,false,false,359.28
session_1763120157538_76i6sr1vi,1763120172985,11787.099999904633,16.5,mousemove,650,379,394.5,157.53125,650,539,860,427,0,0,false,false,false,false,441.22
session_1763120157538_76i6sr1vi,1763120173001,11802.799999952316,15.700000047683716,mousemove,641,380,385.5,158.53125,641,541,851,428,0,0,false,false,false,false,576.78
session_1763120157538_76i6sr1vi,1763120173017,11819.5,16.700000047683716,mousemove,632,381,376.5,159.53125,632,542,842,429,0,0,false,false,false,false,542.24
session_1763120157538_76i6sr1vi,1763120173035,11837.199999809265,17.699999809265137,mousemove,622,382,366.5,160.53125,622,543,832,430,0,0,false,false,false,false,567.79
session_1763120157538_76i6sr1vi,1763120173051,11852.899999856949,15.700000047683716,mousemove,610,383,354.5,161.53125,610,543,820,431,0,0,false,false,false,false,766.98
session_1763120157538_76i6sr1vi,1763120173068,11870.5,17.600000143051147,mousemove,597,383,341.5,161.53125,597,543,807,431,0,0,false,false,false,false,738.64
session_1763120157538_76i6sr1vi,1763120173085,11887.099999904633,16.59999990463257,mousemove,585,383,329.5,161.53125,585,543,795,431,0,0,false,false,false,false,722.89
session_1763120157538_76i6sr1vi,1763120173102,11903.899999856949,16.799999952316284,mousemove,573,383,317.5,161.53125,573,543,783,431,0,0,false,false,false,false,714.29
session_1763120157538_76i6sr1vi,1763120173118,11920.399999856949,16.5,mousemove,554,383,298.5,161.53125,554,543,764,431,0,0,false,false,false,false,1151.52
session_1763120157538_76i6sr1vi,1763120173135,11937.199999809265,16.799999952316284,mousemove,543,383,287.5,161.53125,543,543,753,431,0,0,false,false,false,false,654.76
session_1763120157538_76i6sr1vi,1763120173152,11953.899999856949,16.700000047683716,mousemove,532,382,276.5,160.53125,532,543,742,430,0,0,false,false,false,false,661.40
session_1763120157538_76i6sr1vi,1763120173168,11970.599999904633,16.700000047683716,mousemove,522,382,266.5,160.53125,522,542,732,430,0,0,false,false,false,false,598.80
session_1763120157538_76i6sr1vi,1763120173185,11987.199999809265,16.59999990463257,mousemove,513,381,257.5,159.53125,513,541,723,429,0,0,false,false,false,false,545.51
session_1763120157538_76i6sr1vi,1763120173201,12002.899999856949,15.700000047683716,mousemove,504,380,248.5,158.53125,504,541,714,428,0,0,false,false,false,false,576.78
session_1763120157538_76i6sr1vi,1763120173218,12020.5,17.600000143051147,mousemove,497,380,241.5,158.53125,497,540,707,428,0,0,false,false,false,false,397.73
session_1763120157538_76i6sr1vi,1763120173235,12037.299999952316,16.799999952316284,mousemove,489,379,233.5,157.53125,489,539,699,427,0,0,false,false,false,false,479.90
session_1763120157538_76i6sr1vi,1763120173251,12053.599999904633,16.299999952316284,mousemove,482,378,226.5,156.53125,482,538,692,426,0,0,false,false,false,false,433.81
session_1763120157538_76i6sr1vi,1763120173268,12070.5,16.90000009536743,mousemove,474,377,218.5,155.53125,474,537,684,425,0,0,false,false,false,false,477.06
session_1763120157538_76i6sr1vi,1763120173285,12087.199999809265,16.699999809265137,mousemove,467,376,211.5,154.53125,467,536,677,424,0,0,false,false,false,false,423.42
session_1763120157538_76i6sr1vi,1763120173301,12102.799999952316,15.600000143051147,mousemove,460,375,204.5,153.53125,460,535,670,423,0,0,false,false,false,false,453.27
session_1763120157538_76i6sr1vi,1763120173318,12120.599999904633,17.799999952316284,mousemove,451,374,195.5,152.53125,451,534,661,422,0,0,false,false,false,false,508.73
session_1763120157538_76i6sr1vi,1763120173334,12136.199999809265,15.599999904632568,mousemove,442,373,186.5,151.53125,442,533,652,421,0,0,false,false,false,false,580.47
session_1763120157538_76i6sr1vi,1763120173351,12152.799999952316,16.600000143051147,mousemove,432,372,176.5,150.53125,432,533,642,420,0,0,false,false,false,false,605.41
session_1763120157538_76i6sr1vi,1763120173368,12170.599999904633,17.799999952316284,mousemove,424,372,168.5,150.53125,424,533,634,420,0,0,false,false,false,false,449.44
session_1763120157538_76i6sr1vi,1763120173385,12187.099999904633,16.5,mousemove,416,372,160.5,150.53125,416,532,626,420,0,0,false,false,false,false,484.85
session_1763120157538_76i6sr1vi,1763120173402,12203.799999952316,16.700000047683716,mousemove,408,372,152.5,150.53125,408,532,618,420,0,0,false,false,false,false,479.04
session_1763120157538_76i6sr1vi,1763120173417,12219.5,15.700000047683716,mousemove,406,372,150.5,150.53125,406,532,616,420,0,0,false,false,false,false,127.39
session_1763120157538_76i6sr1vi,1763120173435,12237.199999809265,17.699999809265137,mousemove,403,372,147.5,150.53125,403,532,613,420,0,0,false,false,false,false,169.49
session_1763120157538_76i6sr1vi,1763120174397,13199.699999809265,962.5,mousemove,403,372,147.5,150.53125,403,532,613,420,0,0,false,false,false,false,0.00
session_1763120157538_76i6sr1vi,1763120174417,13219.599999904633,19.90000009536743,mousemove,400,372,144.5,150.53125,400,532,610,420,0,0,false,false,false,false,150.75
session_1763120157538_76i6sr1vi,1763120174435,13237.099999904633,17.5,mousemove,397,371,141.5,149.53125,397,531,607,419,0,0,false,false,false,false,180.70
session_1763120157538_76i6sr1vi,1763120174451,13253.199999809265,16.09999990463257,mousemove,393,368,137.5,146.53125,393,529,603,416,0,0,false,false,false,false,310.56
session_1763120157538_76i6sr1vi,1763120174468,13270.5,17.300000190734863,mousemove,385,364,129.5,142.53125,385,524,595,412,0,0,false,false,false,false,517.01
session_1763120157538_76i6sr1vi,1763120174485,13287.199999809265,16.699999809265137,mousemove,376,357,120.5,135.53125,376,517,586,405,0,0,false,false,false,false,682.74
session_1763120157538_76i6sr1vi,1763120174502,13303.899999856949,16.700000047683716,mousemove,363,343,107.5,121.53125,363,504,573,391,0,0,false,false,false,false,1144.01
session_1763120157538_76i6sr1vi,1763120174517,13319.5,15.600000143051147,mousemove,359,338,103.5,116.53125,359,499,569,386,0,0,false,false,false,false,410.46
session_1763120157538_76i6sr1vi,1763120174535,13337.199999809265,17.699999809265137,mousemove,349,324,93.5,102.53125,349,485,559,372,0,0,false,false,false,false,972.01
session_1763120157538_76i6sr1vi,1763120174552,13353.799999952316,16.600000143051147,mousemove,344,316,88.5,94.53125,344,476,554,364,0,0,false,false,false,false,568.31
session_1763120157538_76i6sr1vi,1763120174568,13370.5,16.700000047683716,mousemove,340,309,84.5,87.53125,340,469,550,357,0,0,false,false,false,false,482.77
session_1763120157538_76i6sr1vi,1763120174585,13387.199999809265,16.699999809265137,mousemove,337,303,81.5,81.53125,337,464,547,351,0,0,false,false,false,false,401.69
session_1763120157538_76i6sr1vi,1763120174602,13403.899999856949,16.700000047683716,mousemove,334,296,78.5,74.53125,334,456,544,344,0,0,false,false,false,false,456.03
session_1763120157538_76i6sr1vi,1763120174617,13419.5,15.600000143051147,mousemove,332,292,76.5,70.53125,332,452,542,340,0,0,false,false,false,false,286.68
session_1763120157538_76i6sr1vi,1763120174635,13437.199999809265,17.699999809265137,mousemove,330,288,74.5,66.53125,330,448,540,336,0,0,false,false,false,false,252.66
session_1763120157538_76i6sr1vi,1763120174652,13453.899999856949,16.700000047683716,mousemove,329,284,73.5,62.53125,329,445,539,332,0,0,false,false,false,false,246.89
session_1763120157538_76i6sr1vi,1763120174668,13470.5,16.600000143051147,mousemove,328,282,72.5,60.53125,328,443,538,330,0,0,false,false,false,false,134.70
session_1763120157538_76i6sr1vi,1763120174685,13487.099999904633,16.59999990463257,mousemove,328,281,72.5,59.53125,328,441,538,329,0,0,false,false,false,false,60.24
session_1763120157538_76i6sr1vi,1763120174701,13503.699999809265,16.59999990463257,mousemove,328,279,72.5,57.53125,328,440,538,327,0,0,false,false,false,false,120.48
session_1763120157538_76i6sr1vi,1763120174718,13520.599999904633,16.90000009536743,mousemove,327,278,71.5,56.53125,327,439,537,326,0,0,false,false,false,false,83.68
session_1763120157538_76i6sr1vi,1763120174735,13537.199999809265,16.59999990463257,mousemove,327,278,71.5,56.53125,327,438,537,326,0,0,false,false,false,false,0.00
session_1763120157538_76i6sr1vi,1763120174769,13571.5,34.30000019073486,mousemove,327,278,71.5,56.53125,327,438,537,326,0,0,false,false,false,false,0.00
session_1763120157538_76i6sr1vi,1763120176436,15238.199999809265,1666.6999998092651,mousemove,330,279,74.5,57.53125,330,440,540,327,0,0,false,false,false,false,1.90
session_1763120157538_76i6sr1vi,1763120176452,15253.799999952316,15.600000143051147,mousemove,332,281,76.5,59.53125,332,441,542,329,0,0,false,false,false,false,181.31
session_1763120157538_76i6sr1vi,1763120176468,15270.5,16.700000047683716,mousemove,347,292,91.5,70.53125,347,452,557,340,0,0,false,false,false,false,1113.84
session_1763120157538_76i6sr1vi,1763120176485,15287.199999809265,16.699999809265137,mousemove,367,310,111.5,88.53125,367,470,577,358,0,0,false,false,false,false,1611.21
session_1763120157538_76i6sr1vi,1763120176502,15303.799999952316,16.600000143051147,mousemove,384,328,128.5,106.53125,384,489,594,376,0,0,false,false,false,false,1491.50
session_1763120157538_76i6sr1vi,1763120176518,15320.5,16.700000047683716,mousemove,403,351,147.5,129.53125,403,511,613,399,0,0,false,false,false,false,1786.40
session_1763120157538_76i6sr1vi,1763120176535,15337.099999904633,16.59999990463257,mousemove,425,378,169.5,156.53125,425,538,635,426,0,0,false,false,false,false,2098.08
session_1763120157538_76i6sr1vi,1763120176552,15353.899999856949,16.799999952316284,mousemove,446,404,190.5,182.53125,446,565,656,452,0,0,false,false,false,false,1989.38
session_1763120157538_76i6sr1vi,1763120176568,15370.599999904633,16.700000047683716,mousemove,464,427,208.5,205.53125,464,588,674,475,0,0,false,false,false,false,1748.87
session_1763120157538_76i6sr1vi,1763120176585,15387.099999904633,16.5,mousemove,479,449,223.5,227.53125,479,609,689,497,0,0,false,false,false,false,1613.76
session_1763120157538_76i6sr1vi,1763120176602,15403.799999952316,16.700000047683716,mousemove,492,471,236.5,249.53125,492,632,702,519,0,0,false,false,false,false,1530.17
session_1763120157538_76i6sr1vi,1763120176851,15653.799999952316,250,mousemove,492,473,236.5,251.53125,492,634,702,521,0,0,false,false,false,false,8.00
session_1763120157538_76i6sr1vi,1763120176867,15669.5,15.700000047683716,mousemove,493,480,237.5,258.53125,493,640,703,528,0,0,false,false,false,false,450.39
session_1763120157538_76i6sr1vi,1763120176885,15687.299999952316,17.799999952316284,mousemove,496,489,240.5,267.53125,496,650,706,537,0,0,false,false,false,false,532.97
session_1763120157538_76i6sr1vi,1763120176901,15703.699999809265,16.399999856948853,mousemove,500,499,244.5,277.53125,500,660,710,547,0,0,false,false,false,false,656.73
session_1763120157538_76i6sr1vi,1763120176918,15720.5,16.800000190734863,mousemove,502,505,246.5,283.53125,502,666,712,553,0,0,false,false,false,false,376.46
session_1763120157538_76i6sr1vi,1763120176935,15737,16.5,mousemove,504,512,248.5,290.53125,504,673,714,560,0,0,false,false,false,false,441.22
session_1763120157538_76i6sr1vi,1763120176952,15753.799999952316,16.799999952316284,mousemove,506,519,250.5,297.53125,506,680,716,567,0,0,false,false,false,false,433.34
session_1763120157538_76i6sr1vi,1763120176968,15770.599999904633,16.799999952316284,mouseleave,508,524,252.5,302.53125,508,685,718,572,0,0,false,false,false,false,320.55